content,starScore
쑥 들어간 <em>제품들을 평소에 좋아해서 </em>쑥 화장품으로 대부분 쓰려고 해요 아침 저녁으로 매일 매일 쓰기에 부담이 없고 좋습니다<br>자연약쑥 진정 토너라 자극없이 쓰기에도 좋고 녹차 루이보스 캐모마일 쑥 페퍼민트 로즈마리 유칼리투스잎이 들어간 그린 허브 성분이라 피부 진정에도 도움이 되는거 같아요,5
"화장품 상자에 한번 더 뽁뽁이  포장으로  꼼꼼하게 담아져 있었고  <em>화장품 용기는 플라스틱 용기인데  용량이 커서  한참 쓸 수 있어 좋네요</em>.. 뚜껑을 열었을때  ''<em>향기 좋네</em>"" 하는 <em>느낌이 없으니 향을 중요시  하는 분은  좋아하지  않을 듯 하네요</em>..바르고 조금 시간이 지나면  향이  없어지는 것  같아요...용기에 적혀 있는 글씨가 너무 적어  안보였는데 2세트 구입했더니 앰플인지 뭔지 모르겠는데  작은 샘플이 2개가 있네요  <em>싼 가격에  이 구성이면  좋네요</em>",5
<em>대용량에 헐 감동입니다</em> <br>1개는 지인도 팍팍 쓰라고 선물했어요<br>이건 화장솜에 듬뿍 하셔서 많이 하셔도 흡수는 잘됩니다 <br>저는 얼굴에 흡수가 안되는 타입인데 제품이 흡수 잘되고요 약간의 알콜냄새는 살짝 스치는 정도 입니다 <br>코로나에 다들 힘든데 이 가격에 정말 감사합니다 <br>마구 쓰시고 싶은 분은 구입 하시고 <br>쫀질한 느낌과 깊은 느낌분들은 살짝 고민하시고 <br>클렌징으로 쓰고 싶다 하시는 분들은 1차 쓰시고 고가의 스킨을 바르시는것도 좋을듯 합니다,5
아직 사용전인데 오자마자 간병이모님이 머냐고 물어 보셔서 약쑥스킨이라고  하니 한번 보자고 해서 뚜껑 열어서 향 맞아보고 손에 조금만 부어 보라고 해서 부었더니 발라보시더니 금방 흡수되고 촉촉하다고 하시며 얼마냐고 물어 보셔서 써보시라고 그냥 하나 드렸네요 방에 환자도 뭔데 그리 크냐고 하시면서 어떻게 사냐고 물어보시고 다들 관심 보이네요 <em>각질제거가 된다</em>니 일단 닦토로 써보고 조으면 계속 사서 써보려구요,4
프레쥬 진정토너 여름에 시원하게 토너팩 하기 좋아요 향은 쑥 냄새보다는 시트러스계열? <em>레몬향이 나는 편이구요</em>.<br>대용량인데다 1+1이라서 한통은 냉장고에 넣어놓고 자외선 높은 날에 진정용으로 팩하면 시원하고 진정도 되고 좋습니다.<br><em>가격이 워낙 저렴해서 </em>크게 기대 안했는데 <em>피지 많이 올라오는 여름에 쓰기 좋은 토너입니다</em>~!,5
"40대이고 건성,민감건성피부에  ...슬프면 앙대는데..짐승용량,<em>착한가격</em>,부담없이 닥토스퇄.마스크 트러블이 문제라 오겹솜에 마구 뿌리고 얼굴에 매매 도배후 10분<em>뒤 제거하믄 진정효과 굿</em>.넘 커서 쓸때 무거버서 다이소공병에 덜어씀.아침에 개기름닦기용으로 씀.클워터 대용으로.<em>요것도 맘에 듦</em>.여름에 더 <em>유용하게 쓸것같아 좋네</em>.사길 망설이시면 꼭 사두시라.맴이 든든하거임!",5
스킨은 프레쥬만 써요<br><em>작년에 접촉성 피부염으로 고생했을 때 연고고 레이저고 아무 소용없었는데 </em>프레쥬 스킨 쓰고 나았거든요 ㅋㅋ 그후로 계속 떨어뜨리지 않고 쟁여두게 돼요<br><em>가격도 1+1에 너무 저렴해서 </em><em>품질 괜찮은가 했는데 </em>수분부족형지성인 저한테 워낙 잘 맞아서 제발 단종 안됐으면 좋겠습니다ㅎㅎ<br>세안하고 닦토 한번 하고 푹 적셔서 이마 턱쪽 코에 세개 화장솜 적셔서 잠시 올려둬요 여름인데도 <em>T존 트러블 걱정 없고 좋습니다</em>!,5
<em>다른분 말처럼 향이 강하네요</em>발랐을때 깔끔한 느낌보다는 살짝 텁텁한 느낌이었어요 그렇다고 끈적이거나 그런건 아니지만 개운~깔끔하지는 않았어요.. 진정토너라해서 기대를 너무한건가요.......?진정효과는 두번째치고 볼은 열감으로 발그레되고 좁쌀같이 올라오고.. 건조하기까지.. 아침에 얼굴 당겨 거울봤다가 놀랬어요 땡기는 피부팩한줄.. 팩하고 굳었을때 웃으면 주름 생기듯 얼굴 근육에 따라 줄이 생기며 구겨지는데.. 이건 나랑은 아닌듯 싶네요..(토너+수분크림+팩 여기꺼만 사용),1
닦토용으로 주문해 봤어요. 저렴한데 <em>가격대비 꽤 괜찮은것 같아요</em>.쑥향이 별로 안난다는 후기가 있었는데 정말 쑥향은 안느껴지네요? <em>대신 은은한 허브향이 나는데 </em>제가 좋아하는 달팡 오일향이랑 흡사해서 좋네요 전^^이런 은은한 허브향은 누구나 다 좋아 하지만 좀 흔하게 맡아본 향이고쑥향 특이할것 같아 약간 기대했는데 안나요^^아 배송 이번에 꽤 느렸네요..,5
"스킨하고 크림하나 하나씩 있는 구성으로 구매하려고 했는데 ㅠ 없어졌더라구요 그래서 같은 스킨으로만 하나 더 세트로 구성된걸로 구매했는데~~ 아쉽긴 하지만 잘 한 것 같네요!!<br>요즘 이 약쑥으로 스킨팩을 자주 하는데~ 확실히 피부도 맑아보이는 것 같고~ 피부가 예민해서 <em>그런지 뾰루지나</em>, 뒤늦게 난 <em>성인여드름등의 트러블이 좀 자잘하게 많이 나는 편</em>인데;;<br>아직 많이는 안 써봐서 딱! 그렇다~ 고는 못할 지도 모르지만 <br>이 약쑥으로 스킨팩을 하고서부터는 뭐가 나는 일이 정말 보기 힘들정도로 드문것 같아요! <em>너무 좋습니다</em>~~ 근데 한 가지 아쉬운 점이 있다면 향이 조금 순하고 연하고 할 줄 알았는데~ 순한거는 모르겠지만 연하지는 않은 것 같아요;; 좀 찐해서 많이 잘 나서 조금 놀랬긴 한데~ 쓰다보니 <em>적응이 되가서 점점 괜찮아지고 </em>있어요! 원채 예민하고 약하고 안좋은 피부라서 안맞을까봐 내심 걱정을 했는데.. <em>잘맞고~ 좋아서 너무 좋네요</em>!! ^^** <br>이 약쑥은 처음 구매해서 처음 써보는데~ 좋은 효과를 많이 보는 것 같아서 ~~ 앞으로는 이걸로 갈아탈까합니다! <br>아니, 가격대만 너무 부담스럽지않다면~ 앞으로 쭉 이걸로 구매해서 사용하려 합니다~~ ㅎㅎ 감사합니다 <em>잘쓸게요 </em>~~<br><em>너무 좋아요</em>!! <em>통도 옆으로 퍼진게 귀엽고</em> ~ 다 쓰고서도 못 버릴 것 같아요 ^^ ㅎㅎ 아니 안 버리고 잘 씻어서 말려서 재사용할까봐요 뭐에다 쓰던 말이죠! 전부터 써보고 싶어서 찜해놨었는데 드디어 쓸 수 있어서 ~~ 너무 좋아요 왜 진작부터 안 썼을까~~ 같은 ㅎㅎ 왜 진작 몰랐을까~~같은 아쉬움이?? 있네요 ㅎㅎ 여튼 저는 너무 너무 좋아여^^* ㅎㅎ!!",4
"쑥이라 해서 <em>쑥 향이 나는 줄 알았지만 </em>쑥향은 전혀 없고 보통 화장수의 향입니다.엄청 대용량이고 가성비 좋은 것 같아요.<em>뚜껑부분 재질이 조금 아쉽습니다</em>. 대용량이라 오래 쓸텐데 몇번 여닫다 보면 떨어질거 같기도 하고, 테두리가 날카롭습니다. <em>그 외에는 아직까지는 만족</em>!",4
세안해도 남아있는 기분이 들어 클렌징으로 구매했어요 <em>적립금써서 저렴하게 샀고 </em>대용량이라 좋네요 <em>딸내미가 보더니 써보고싶다해서 </em>세안하고 닦아줬는데 솜에 진짜 잔여물이 묻어나네요 <em>향도 은은하니 괜찮아요</em> 저도 써봐야겠어요^^,4
<em>몇년째 사용중인 제품입니다</em><br>닦토로도 사용하고 그냥으로 <em>사용하기에 이만한게 없어요</em>.다른 곳이랑 알아보다가 <em>가격은 비슷하고</em> 마침 행사중이어서 구매했어요<br>한동안 걱정없이 쓸 것 같아요~<br>제형은 묽은 편이지만 <em>사용하기 편하고 </em>두 어번 바르면 촉촉합니다<br>향은 살짝 은은해요<br>다 쓰면 재구매할거예요,5
닦토용이 필요하던차에 검색해보니 순하고 가성비가 좋길래 구매했습니다.그런데 상세설명과 다르게 전성분을 보니 꼭 좋은 성분만 있는건 아니네요.전 사실 임산부라 유해물질 없는게 필요했는데.구매하고 화해어플 깔아보니 좋은 상품은 아니였고취소하려니 이미 출발한 상태라일단 출산+수유가 끝나면 써보려고 합니다,3
스킨을 많이 사용하는 편이여서 <em>세트의 스킨 양으로는 항상 부족했어요</em> 지인이 이 제품을 추천해주길래 자세히 찾아봤더니 여러모로 괜찮을거 같아서 구입했어요 일단은 닦아내는 용도로 대용량이라 듬뿍듬뿍 사용해보려구요 믿고 잘 사용할게요,5
스프레이 분사통에 담아 샤워후 온몸에 뿌려줍니다 ㅋ<br>혼자라 등에는 뭘 바르기가 힘들어서 항상 미스트를 쓰는데<br>이건 <em>대용량이라 미친듯이 뿌려도 아깝지가 않네요</em>ㅋ<br>나머지 팔다리는 료션으로 한번더<br>암튼 순한것같고 트러블이 없어요,5
마침 로션은 한통이 남아 있는데 스킨이 다 떨어져서 주문했어요 용량도 엄청난데다 사은품도 푸짐하네요 오자 마자 개봉해서 사용해 봤는데 <em>은은하니 피부에 자극없고 너무 좋아요</em> <em>용량이 커서</em> 얼굴 목 팔 <em>수분 공급해주니 좋고</em> 아무리 써도 이정도 양이면 오래 쓸수 있을거 같아요 샤워하고 나와서 온몸에 발라줘도 좋구요 사용감이 청량한 <em>느낌이 들고 향도 은은한 풀잎향이라서 좋아요</em> <em>유효기간도 넉넉해서 좋구요</em> 잘 사용할게요,5
이틀만에 받았고 <em>용량은 많네요</em>.. 사용 한번 해봤는데 끈적임 은 없고 막상 바르니 향도 피부에 남지 않는거 같고.. 농도는 물이라고 보면 되겠어요. 유통기한은 24년도까지로 엄청 기네요.. 일단 쭉 사용해보고 좋으면 재구매 각! 바디에 그냥 발라도 될듯,3
금요일 오전에 주문해서 토요일에 받을 수 있을 줄 알았는데 화요일에 받았어요~ 아마도 <em>할인 행사때문에 주문량이 많아서</em> 그랬나봐요~ 바로 사용해봤는데 물 같은 제형이지만 다른 <em>물 토너들보다 보습력이 더 좋은 것 같아요</em>~ <em>화장솜에 적셔 닦아내면 수분감이 엄청 좋아서 </em><em>피부가 촉촉해지네요</em>~,4
끈적임이 없어 좋긴한데 물같은 점성입니다 자극적이진 않고요  피부에 좋겠지 믿고 사용 중입니다 트러불도 그렇다고 피부가 좋아졌는데 그런 느낌은 없습니다  <em>향은 허브향이 살짝 납니다</em> 케이스는 싸구려 같아요~ 총평은 <em>가격대비 추천합니다</em>,4
<em></em><em>향이 참 좋아요</em>.콧물제형 스킨은 아니고 물 느낌인데 완전 물같은 느낌은 아니고 쪼오오끔 유분끼가 있어요.용량도많아서 듬북듬뿍쓰는데 좋아요.근데 쓰다보면 스킨병 뚜껑이 자꾸 돌아가서 열릴려고 하네요.전체적으로볼때 가격대비 만족해요,4
우선 대용량이라 양은 더할나위없이 충분해요. 자연약쑥과 7가지 허브성분이 피부진정과 밸런스를 맞춰주네요. 약산성토너라 피부가 민감하신분들도 안심하고 사용하실 수 있을것 같아요. 향이 프레시하면서도 시원함이 느껴지네요. 매일 세안후에 간단하게 사용해주면 피부관리에 좋을것 같아요.,5
늦지 않게 잘 도착했습니다. 포장은 아주 꼼꼼하게 되어 있지 않았지만 뽁뽁이까지 있고 뜯어지거나 새는 것은 없었습니다. 착한 가격에 양도 많고 써보니 향도 상큼한 향이고 산뜻하고 <em>깨끗한 느낌이라 맘에 듭니다</em>. <em>유통기한도 넉넉합니다</em>.,4
"바하, 아하 성분 때문에 자극이 아예 없는건 아닌데, 약하게 좀 느껴져야 <em>그 성분의 효과가 있음을</em> 알겠음.<br>향이 싫다는 사람이 있던데, 나는 좋음.<br>상큼하고 시원함.<br>쑥향은 아님.<br><em>가격대비 훌륭하다고 생각함</em>.<br>피부가 뒤집어지는 일만 안생기면 좋겠음.<br>화장품이란게, <em>처음에는 괜찮다가 뜬금없이 갑자기 안 맞는 경우도 있어서리</em>.",4
"그동안 사용해오던 <em>스킨토너들 보다 향이 진해서 </em>조금 부담스러웠지만, 상큼하고 좋은 향이라 사용하다 보면 곧 익숙해 질거로 봅니다.<br>마사지 크림 사용 후 닦아내려고 구매했는데, 사용감이 좋고 양도 많고 <em>가격도 저렴해서 </em><em>부담없이 사용할 수 있어 좋아요</em>.",5
<em></em>자극도없고쑥냄새가많이날까<em>걱정했는데쑥향이나는지도모를정도예요</em>ㆍ용기뜯기<em>전에는허브향이나는거같아좋았는데</em>막상뜯어서써보니향이저랑은안맞아요무슨향이라고말도못하겠고아무튼향은아닙니다<em>사용감은좋고</em>볼이건성인데촉촉해요세안하고다시한번화장솜에뭍다시한번마<em>무리하기에양도많아부담없고가성비</em>짱입니다향만좋았으면제구매하겠는데향때문에못할거같아요사용감은좋은데아쉬워요ㆍ,4
이때까지 돌려쓰는 토너만쓰다가 뚜껑여닫이 토너 너무 편하고좋고 <em>용기도 뚠뚠하고 디자인도이쁘고 </em><em>토너두 넘조아영</em>ㅠㅠ담에또살거가타여 <em>착한가격 짱</em>이얘요ㅠ 근데 향이 좀 찐해영 이거 수정보완해주시면 좋을거같은데 이거 레몬향나서 쨍한느낌인데 진하기까지하니깐 화장할때마다 숨안쉬고해야해요(꒦໊ྀʚ꒦໊ི ),4
<em>추석할인행사에저렴하게구입합니다</em>.제가쓸건데선물받은느낌이랄까..^^일단명절전에배송이되서좋구요.쓰던제품이남아서<em>사용은못해봤으나토너향은상쾌한레몬이나라임계열의향이네요</em>.<em>쑥성분이라어떤냄새일까궁금했는데좋은것같아요</em>.피부에도잘맞았으면좋겠네요.<br>많이파세요.,5
"싸고 <em>양 많아서</em> 닥토로 쓰기에는 좋겠어요.<br>향은 별로예요. 쑥향만 나면 ?<em>찮은데 손소독제 같은 냄새가 나요</em>. 오래가진 않습니다만 쓸때마다 <em>거북한건 어쩔 수 없네요</em>.<br>유분기 많은 피부에 좋을듯 해요. 바르고 나면 뭔가 뽀드득 느낌 이랄까, 촉촉하길 원한다면 다른제품으로 커버하시길..",3
배송도 빠르고 <em>상품도 너무 좋아요</em> <em>만족합니다</em> <br>용량도 정말 체고네요 게다가 향기가 너무 상쾌해요 그린티 향기라고 해야하나요 상쾌한 향기가 정말 기분을 좋게해요 향기가 트러블을 쏙 들어가게 해줄것같아요 ~~ 솜에 촉촉히 적셔 얼굴에 시원하게 올려놓고 아낌없이 쓰려고 원쁠원으로 2셋트 네개 샀습니다 바르면 시원하구요 아침저녁 샤워하고 바디에도 가볍게 바르고 있어요 어쨋든 좋습니다 많이파세요^^,5
쑥향은 아닌데 상쾌한 향기가 나요<br>가볍게 쓰기 괜찮고 물스킨이라 닦아내는 용으로 쓰기 괜찮아보야요<br>불편한점은 구멍이 조금 커서 물 제형이라 콸콸 나온다는 점...<br>구멍이 좀 작아도 되겠어요<br>맨날 화장솜 흠뻑 적셔져서 줄줄 흐르기도 해요<br>그래도 갠차나요 <br>저렴하니까,5
자연약쑥 믿고 쓰는 화장품중 하나입니다. 여름에 운동후 모공이 확장되어있을때 냉장고에 넣어 놓은 스킨을 화장솜에 듬뿍듬뿍 묻혀 피부에 올려 놓으면 <em>모공도 수축되고 화끈거림도 갈아않아 좋아요</em>. Aha성분과 bha<em>성분이 들어있어 각질까지 정리해주고 </em>보습력까지 있으니 일거양득. 자연약<em>쑥 짱 좋아요~</em>,5
닦는용도와 피부정돈 한방이에요 토너 몇번을 실패하고 리리코스 정착하다 후기보고 반신반의해서 샀는데 넘 좋아요 닦을때 너무 뻑뻑하면 피부아픈데 적당하게 부드러우면서 잘 닦아요 예민피부인데 트러블 없고 냄새 완전 예민한데 상큼한 레몬향(?) 때문에 울렁거리지 않아요 굿!!! 강추 건조와 지성과 예민을 다 가지고 계신분 믿고 사세요,5
여름이라 피지도 많이 분비되고 그래서인지 피부가 전체적으로 거칠고 가려우면서 뭐가 나서 구매하게 되었어요.<br>상세 설명 보니 기본 베이스가 좋은데다 대 용량이라 부담없이 써봅니다^^<br>화장기 없는 얼굴인데도 세안하고 닦아ㅜ내니 화장솜에 닦여진 노폐물이 보이네요 --;;<br>피부결이 조금은 매끄러워진게 느껴 지구요<br>자극은 없고 <em>수분감도 좋아요</em>.<br>닦아 내고 한번 더 덜어서 흡수 시켜주니 더 촉촉하고 좋아요&amp;&amp;,5
받자마자 뚜껑 따서 향을 맡어봤더니 은은하니 참 좋네요..<br>그리고 화장솜에 덜어 발라 보았더니 첨이여서 그런건지는 모르겠지만 첫 바랐을때는 산뜻함이 있었지만 마른 후에는 산뜻함보다는 바른지 안바른지 애매한 느낌을 주더라구요..<br>꾸준히 발라보면 다르겠지 하고 써봐야죠..<br>써보고 좋아지면 다시 구매하러 올게요..<br>수고하세요~,4
죠아요~<em>일단 포장상태가 너무 깨끗해요</em>~뜯어서 <em>써봤더니 허브향이 나면서 </em>기분까지 시원해지는 느낌이네요~더워서 빨개진 피부가 살짝 <em>진정되면서 피부톤이 밝아진 것 같아요</em>~<em>사이즈가 넉넉해서 </em>냉장고에 넣어 시원한 상태로 뒀다가 수시로 화장솜에 묻혀 얼굴에 붙였다가 닦아내고해도 부담이 없네요~다른 팩 안해도 되겠어요~<em>너무 만족입니다</em>^^,5
8월 30일 주문31일 발송9월 1일 배송완료주문한 토너들은 뽁뽁이에 잘싸져서 왔어요..ㅎ비록 뽁뽁이 포장은 없었지만 사은품 화이트닝 크림 2개랑 마스크팩도 잘 받았어요..^^<em>화이트닝 크림이 옴므라 아쉽네요</em>..^^;;같이 일하는 분 쓰시라고 드림..ㅎㅅㅎ500ml대용량 토너 향이 호불호가 있던데..저는 좋아요~ ^-^*특가에 빠른 배송 <em>만족하구요</em>..요즘 코로나로 마스크 껴서 턱이 엉망이라..상품평 믿고 토너 효과로 깨끗한 얼굴이 되기를 바라며 쓰고 있어요..ㅎ<em>써보고 좋으면 다쓰고 또 구매하러 오겠습니다</em>!!많이 파세요~♥,5
<em></em><em>가성비 짱</em>! 용량이 많아서 그것도두개씩이나<br>너무좋아요 오늘받아서 아직써보지는<br>않았지만 좋을것같아요  저녁에 듬뿍 바를거예요<br>요즘너무덥고 그래서 아무것도 못바를때가<br>많은데 이제품은 시원하게 화장솜에 뭍혀   얼굴에<br>올려 팩을하려 합니다<br>감사합니다 잘쓸께요*~*,5
저번에 구매해서 2통다 사용해봤는데. .  제 피부가 예민해서 별기대를  안했지만  넘 좋아욤~*<em>피부 트러블도 없고 가격도 저렴하고 </em>많은양을 사용할수있어서 넘 좋아욤~^^요번에 올킬 나와서 두세트 구매했네요~사은품도 잘 써볼게욤~*^^*,4
<em>향이 살짝 맘에 안들긴해요</em> 처음 맡으면 <em>흙냄새가 나서 </em>조금 이상했는데 자꾸 쓰니까 괜찮아요.원래 하또무기 쓰다가 조건이 좋아서 샀어요.촉촉하고 잘 스며들어요.동전마스크사다 푹 담궈서 진정시키기도 좋고 짐승용량이라 두고두고 씁니다.배송도  어마어마하게  빨라요.,5
이제품 사용한지 1년이 채안됐지만 몇번째 구매하는지 모르겠네요 아주 쟁이는 수준입니다  <br><em>가성비도 좋고 품질도 순하고 쑥이라서 피부에 좋으니까요</em> 클렌징 사용하고 닦아내는데 많이 사용하는데  쑥향이 은은하네요 프레주에 감사합니다,5
많이 묽을거라 생각했는데 약간의 글리세린이 들어간듯 미끈합니다.<br>여름이라 로션까지 바르기 부담스러웠는데 저녁에 7스킨하고 잤더니 촉촉하니 좋네요.<br><em>향기는 신경쓰일 정도는 아니지만 향기롭지는 않아요</em>.<br><em>저렴한 가격에 만족스럽고</em> 팍팍 많이 쓰고 피부 좋아질것 같아요.,5
약쑥이랑 그린허브가 들어가서 민감하고 <em>건조한 피부에 쓰기 좋았어요</em>ㅎ 진정토너로서의 역할도 좋았고 <em>아하랑 바하 성분이 있어서 각질관리까지 되다</em>보니 올인원 역할까지 톡톡히 해주는 데일리 토너고 자극적이지않아서 좋아요ㅎ<br>프레쥬 제품들이 다 순해서 가족이랑 같이 쓰기 좋더라구요 <em>용량도 짐승용량이라 맘에 들어</em>요♡,5
마침 스킨이 떨어져 가서 <em>구매하려던 차에 저렴하게 구매 잘 했습니다</em>.<em>대용량이라서 듬뿍듬뿍 아끼지 않고 쓸 수 있고 향도 나쁘지 않아요</em>.여기 것은 처음 써 보는 건데 <em>상품 평이 괜찮아 구매했어</em>요.사용감은 좀 더 써봐야 할 것같아요.써보고 괜찮으면 계속 구매할께요.,4
대용량으로 구매잘 했어요<br>향은 소소한데 잘 쓸꺼같아요<br>사용전이라 별은 네개했구요<br>이벵있는지 모르고 있다가 끝에 보니 있네요<br>트러블 없이 잘 맞았으면 좋겠네요 원액은 처음 써보는거라 어떨지 모르겠어요<br>많이 파세요 제조하신곳 에바스,4
저렴한 가격에 닦토 원뿔로 득템해서 넘 좋아요 지성 복합성에 뾰루지 심한데 마스크까지 써서 완전 피부 고민이었거든요 근데 쑥향 닦토 덕에 집에와서 씻고 닦토로 한번 더 닦아내면 거품세안으로도 미세하게 안지워진거 다 닦여서 좋아요,5
"<em>향은 나쁘지 않습니다</em>. 쑥향도 섞여있는 것 같구요, 저는 몇번쓰고 <em>얼굴에 붉은끼가 생기고 </em>가려움도 생겨서 잠시 중단했습니다. 정확히 이 토너때문인지는 모르겠어요. 다른 이유일 수도 있으니까... 일단 나중에 다시 한번 써봐야 이 토너에 알러지 반응이 있는지 알수 있을 것 같아요. 반면에 어머니는 잘 사용하고 계세요. 대신 어머니는 향이 마음에 안드신데요.",4
늘 구매하는 제품입니다.<br><em>대용량에 원래 가격이 굉장히 저렴한 편이라 가성비 갑인 제품으로 애용하던건데 </em><br>최근에 가격이 올라서 좀 아쉬웠는데 ~<br>세일해서?  이가격에 놓치면 후회할것 같아 아직 남았지만 미리 구매해뒀습니다.<br><em>저렴하게 구매해서 특히 기분좋았습니다</em>.<br>배송도 빠르게 안전하게 잘 와서  좋았습니다.<br>감사합니다!,5
<em>이 가격에 대박인것 같아요</em>.  받자마자 뜯어봤는데 양이 어마하네요. 요새 기초를 탄탄히 하는지라 스킨을 많이 쓰는데 <em>향도좋고 </em>흡수가 매우 잘되는것 같아요. 끈끈한게 없이 <em>흡수가 되면서 촉촉함이 오래가요</em> 몸에도 저는 발라주는데 좋은것 같아요 꾸준히  계속 쓰려구요 <em>만족합니다</em>.,5
ㅜㅜ더워고부터 좁쌀처럼 뾰루지가 심하게 나더니  생리하기전엔 빨간 뾰루지까지 ... 지성 피분데  갑자기 넘 뒤집어 저서  구매했습니다  대용량이라 솜에 팍팍 쓰구  있어요  닥아쓰구  솜에  묻혀서  팩으로 사용하고있어요  사용한지  일주일 좀 안됐는데  눈에띄게 사라지고있아오 ㅠㅠ 꾸준히 써볼게오 .. 아 여름이라  냉장고에 넣구 시원하게 쓰고있습니당 ㅎㅎ,5
두개씩 두번째로 주문해서 사용하네요. 용량많고 <em>저렴해요</em>.아침.저녁 화장솜 묻혀 사용해 많이 쓰는편이라 주문했어요  산뜻하고 촉촉해요 향도 자연향 느낌이고 저는 <em>만족합니다</em>.제가 피부가 민감한데도 잘 맞는것 같아요.트러블도  일어나지 않았어요..,5
"민감성 피부라 토너 사용에 고민이 많았는데, 3년전에 우연히 지인분께 추천 받은 이후로 3년동안 믿고 쓰는 대용량 상품입니다^^ 그런데 8일에 주문해서 14일 오늘 수령했네요.... 요즘 택배 물량 많아서 늦어 지겠거니 생각했지만 생각보다 너무 늦게 받았네요ㅠㅠㅠ <br>유통기한은 2023년4월27일까지 넉넉합니다!",5
"1+1행사라서 <em>저렴한 가격</em>에 대용량 스킨토너를 구입했습니다. 용량대비 저렴한 제품이라 품질 기대는 크게하지않았는데, 기대이상의 품질입니다.<em>쑥냄새?풀내음?이 나와서 개인적으론 좋았습니다</em>.흡수력과 촉촉함은 보통수준입니다.편하고 넉넉하게 사용하실분들께 추천합니다.",4
미흐트로쓸려고샀어요ㆍ십년전엔미스트선물받아도안쓰고몇년지나버리고제작년에필요하다싶어샀는데습관안돼쓰다버리고 ㆍ수십개나버렸는데ㆍ이젠 주워다써야할정도로피부가건조해요ㆍ화장도들뜨고ㆍ큰일이네요사십돼니ㆍ기초가흐트러진게확티나네요ㆍ겨울이라더건조해서난리예요ㆍ<em>용량큰</em>거사서수시로뿌릴려고샀어요,5
양이 많아 <em>너무 너무 좋습니다</em> 피부 타입이 지성이라 세안후 토너는 꼭 챙겨 닦아냅니다  쑥이 들어가서 그런지 갂고 나면 정말 개운한 느낌이 들어요  2중 세안을 하는데도 닦아내면 후릿하게  노폐물이 닦여 나옵니다  자극 없고<em>  다음 단계 기초도 잘 받고 맘에 들어 </em>다쓰면  재구매  하렵니다,5
홍조에 좋은 스킨이라는 후기를 찾아 읽고 구매했어요.  양이 짐승량이라 솜에 적셔 스킨팩을 해도 되겠네요. 다른 곳보다 좋은 조건으로 <em>저렴하게 구매하고</em> 썬크림까지 왔네요. 향에 민감하신 분들은 인공향이 나거나 그렇지는 않아요. 쑥향이라는 것 참고하시고 구매하세요.,5
크기장난아니에요...!! 진짜 <em>만족할</em>만한 크기!<br>배송오고 솜에다 적셔서 써?는데 촉촉하고 좀 시원해서 진정효과있는거 같았어요~~  <br>냄새는 당연히 쑥냄새랑 살짝레몬?그런향도있는거같고<br>역하지않고 <em>자연냄새나서</em> 저는 <em>만족합니다</em>!!,5
26일주문27일날받음 배송빠르고 <em>구성 가격조아서 </em>재구매하려구요 <em>다른제품사려다가 여기구성이조아서 </em>구매했는데 <em>향도좋고 </em>양도괜찮아 기분좋네요 세안하고 항상 스킨으로 닦아내는데 이거 양이많아 부담없이 닦아내고 또 솜을적셔 얼굴에올려놓으면 좋다고하니 그렇게 도포용으로도좋고<em>  맘에듭니다</em>,5
"<em>전 몸이 많이 건조해 가려움증에 시달려 샤워후 바로 바르려고 </em>구매했어요~ 이제 2번 사용했는뎌, 나름 <em><em>만족합니다</em></em>. <em>진정을 잘 시켜주는지 확실히 가려움이 덜 하네요</em>.<br>향도 쑥향이 강할까 걱정했는데 상큼한향이 더 나서 만족합니다.   바르면 뽀송한 토너가 아니라서 더 <em>만족해요</em>.<br><em>적당한 유분기와 촉촉함이 동반되어 좋네요</em>.",5
여름이라 기존 사용 화장품이 너무 끈적하게 느껴져서 토너를 검색했어요.대용량에 1+1이라 구매결정.여름이라 마음껏 사용하기 좋네요.화장솜에 듬뿍 뭍혀 싹싹 닦아 냈더니 여기서 본 후기처럼 좀 따갑네요.다음번엔 힘을 좀 더 빼고 닦아냈더니 덜하네요.적응하는건지 힘조절인지...여름 내내 잘 쓰겠습니다~,4
일단 대용량이라 너무 좋구요. <em>냄새도 시트러스계열이라 저는 그냥 괜찮았어요</em>.<br><em>닥토로 사용하기 좋고 </em>트러블은 안생기는거같은데 아직 오래쓰지않아서 뭐라 말하기가 애매하네요..ㅎㅎ <em>저렴한 가격에 닥토찾으시는 분들께 추천드립니다</em>.,4
배송 엄청빨랐구요! <em>받아보니까 용량진짜대박이네요</em>ㅋㅋㅋ어느정도예상은했는데 생각한것보다 더짐승용량이에요 붉게<em>자극있다</em>는글이있어서 걱정했는데 저는 괜찮네요! 상쾌하게닦이는 토너에요.쑥토너라 쑥향심할까봐 걱정했는데 라벤더랑 캐모마일향이더라구요ㅎㅎ거부감없이쓰기좋아요.워낙대용량이라서 냉장고에넣어두고 화장솜으로팩할때사용하기 딱좋을것같아요!,5
"상품평보고 구매했습니다.. 스킨 + 크림 두 세트 구매했는데, 타사보다 저렴해요. 게다가 사은품도 넣어주셨네요. 개별 뽁뽁이 포장으로 해주시는 꼼꼼한 센스에도 감동했습니다. 유통기한 스킨은 23년5월, 크림은 23년6월까지네요. 충분히 사용할 수 있습니다.",5
<em>향이 굉장히 강해요</em><br>허브 레몬?? 처음엔 좀 향이세서 놀랬는데<br>점점 이 향에 <em>만족하고 있고</em><br>아침엔 닦아내고 저녁엔 팩처럼 붙이고 활용하는데<br>알콜처럼 날라가는 토너가 아니라 오래촉촉해요<br>그리고 좀 진정되는거같습니다<br>대용량1+1이라 너무 좋구요<br><em>향땜에 호불호 있을수도 있지만 저는 좋습니다</em>,5
전에 한번 써봤던거라... <em>1+1 하고 있어서 저렴하게 구매했어</em>요. 통하나에 겉에 검은 이물질이 묻어잇어서 좀 그랬는데.. 통안에는 이물질은 없었네요. 전에 사용했을때 얼굴에 트러블없이 넉넉하게 팍팍 사용했었어요. <em>이번에도 괜찮으리라 생각합니다</em>.,5
열었을 때 누군가 쓰던 제품같은 이느낌?토너는 가득 담겨져 있는데수분크림은 공기가 좀 많이 담겨 있네요대부분 화장품이 뭔가 움푹 파진 듯한 느낌은 한 번도 가진 적이 없는데 이 제품은 누가 쓰던 것인가 충격이 좀 컸습니다첨 써보는데 수분크림인지 유분크림인지 모르겠어요이 수분 크림 바르고 딴 것은 안바르는 것이 좋을 것 같습니다이것만 발라도 oil paper가 기름으로 잔뜩평소에는 반 장 정도인데 이 제품 바르고 나자마자 번들거리고해서 써봤더니 한장 가지고는 안되네요재구매 하고 싶었는데 조금 더 써봐야 할 듯 합니다,3
1+1 재구매했어요<br><br>작년 여름에 앰플 잘못써서 얼굴 뒤집어졌을때<br>진정효과 보려고 구매했었어요 <br>팩도하고 닦토로 사용하고 <br>지금까지 사용하다 다써서 재구매했어요<br>지금까지 쓴거보니  양이정말 짱이긴해요 <br>여름엔 항상 수분팩했었고 겨울엔 닦토로쓰고<br>듬뿍발라도 흡수 빠르고 바르고나면 부들부들해요<br><br><em>전 또 재구매할거예요</em>,5
"토너로 우선 닦아내고, 다른거 안바르고 수분크림만 바르고 자는데...우선 지성이라서;;; 제 기름에 크림까지 더해져서 아침에는 기름천국;;;ㅋ암튼 처음에 발랐을때부터 조금 번들번들하기는합니다~아무것도 안 바르는것 보다는 낫겠다 싶어서 발라요~^^ㅋ앗, 그리고 두세트 이상 구매시 사은픔으로 주신 폼클렌징은 아직 미사용인데,폼클렌징은 뭐... 다 비슷할거라 생각되서...<em>딱히 가리지 않아서 괜찮구요</em>ㅋ용량도 많고, <em>잘 쓰겠습니다</em>~^^",5
피부가 굉장히 촉촉해요 트러블은 하루이틀 갖고 가라앉는게 아닌거 같고 <em>꾸준히 사용하니 케어가 잘 되더라고요</em> <em>묵은각질제가가 잘되고 </em>화장솜으로 닦는 토너로 매일 안했다가 닦는 토너로 쓰니 좋았어요 <em>양도 많아서</em> 하나는 친언니 줘서 나눠쓰고 있으요 언니뿐만아니라 써본사람들이 다들 좋대요 내 토너 여러명이 그렇게 써봤어요 <em>빌려줘 봐서 좋다네요</em> <em>나도 만족 스러워요 </em>ㅎ,5
냄새가 약간 식초냄새? 이게 쑥향인가요? <br>스킨 발림은 찐득한 감이 있어요 <br>피부진정이라고 떡하니 쓰여있는데 오히려 좀 자극적이었어요 ㅠㅠ<br>싸고 <em>양 많고</em> <em>가성비 제품이라고 생각했었는데<br>그렇지는 않네요</em>.... 참고해서 사용하시길 바래용!,3
가성기좋은 제품이래 봤자 500ml에 만원초반대의 가격인데 여기는 2개에 만원이라니 정말 저렴하네요.<br>부담없이 막 쓰기 좋은 토너를 찾고싶었는데 찾게되서 좋네요. 앞으로 여기서만 토너를 사야겠어요. 그런데  제품에 잉크같은게 묻어있지만 손으로 문지르니 지워집니다. 문제될건없지만 타 구매자를 위해적어봤어요.,5
처음 사용할때는 알코올 성분이 있어서 좀 화~하다 싶었는데이제는 적응이 된건지...그런것도 못 느끼고;;;ㅋ잘 쓰고있습니다~^^ 이전에 같이 구입한것들은 잘 안쓰게되는데;;;그런데 토너는 정말 잘 쓰고있어서ㅋ 다시 재구매 들어갑니다~^^,5
부드럽고 세안후 얼굴 당김이 덜해요<br>더 써봐야 알거 같아요   토너.수분크림.스크럽  <br>3가지 구매했는데 <em>가격은 착하고 화장품은 순하고 </em><em>가격저렴해 혹 트러블 생길까 </em>했는데 <em>오랜만에 만난사람이 피부는 좋아보인다  하네요</em>.<br>덤으로 폼크린싱 보내 주셨는데 <em>아직 쓰던거 남아서 여드름 으로 스트레스 받는 아들에게 양보 할렵니다</em>,4
"생소한 브랜드였지만, <em>써보니 나름 나름 괜찮아요</em>~토너가 알코올성분이 조금 들어가있어서, 화장솜에해서 닦아내는데도그 화~한 기운이 남아서 한동안 살~짝은 화끈화끈합니다~<em>향이 처음에는 쑥의 향이올라오다가</em> 다른 허브들의 향까지...나중에는 다 섞여서 무슨 풀뿌리향?같은 그런향?!의 느낌까지ㅋ(개인적으로 느끼기에;;;)<em>그래도 저렴한 가격에</em>, 용량도 많아서 한동안 잘 쓸듯합니다~^^",5
"대용량에 은은한 쑥향도 <em>만족해요</em>. 기본 10자 이상 작성시 100P 즉시지급 이미지 등록시 100P 즉시 추가지급개당 상품 가격이 5,000원 이하 상품은 적립대상에서 제외되며,리뷰 포인트는 최초 1회 작성시에만 지급됩니다.같은 단어가 반복된 내용은 임의로 삭제되며, 지급된 포인트가 회수될 수 있습니다. 다른 고객님들에게 유용한 상품 리뷰를 작성해주세요.",5
향이  쑥향은 아닌데 그렇다고 상큼한향은 아니고 무향에 가까운 약품향 ??  이랄까<br>1+1 에다 대용량 이라 욕실에 두고 바로바로  몸과얼굴 목선에  듬뿍듬뿍 아낌없이 바르려고요.<br>토너만 발랐는데 번들번들 수분크림도 같이 사서 위에 바르니 버들번들 거려요.<br>흡수라기 보단 층이 형성되어  보습은 되는거 같아요  아직 <em>트러블은 안생겼어요</em> 3일째 바르는데   토너 솜에 적셔 피부진정은 도움돼어요,3
"닦토로쓰게된지3년이네요.양도많고<em>저렴하고</em>순해서이번에도주문했어요.크림도같이주문해서인지썬젤사은품으로주셨네요,손등에발라봤더니촉촉하니금방흡수되네요,유통기한이10월까지긴하지만올여름잘쓰면될거같아요,감사합니다",5
포인트도 쓰고 해서 아주 <em>저렴하게 구입했고</em> 상품평도 봤지만 반신반의하며 별 기대를 하지 않았어요. 쑥향이 너무 강할까 걱정도 했는데 쑥향보다는 <em>허브향이 더 나구요</em>~우선 써본 마몽드 대용량 로즈스킨과 비교하면 그냥 물같은 느낌이어서 한번쓰고  지성인 신랑을 줬어요.근데 이건 제가 중건성인데 촉촉하고 발림성도 좋아요. 대용량이라 아낌없이 바르려  해요~,5
대박쓰 사서 뜯은지 얼마안됫는데 아침저녁으로 꾸준히발랏더니ㅜ꽤 많이썻네요 ㅎㅎㅎ이래서 대용량 토너를 사죠 ㅎㅎㅎ <em>트러블도 많이 진정되는편입니다</em>.<br>한번 트러블나면 엄청 심학ㅔ나서 고생하는편인데 도움이 되는것같아요ㅎㅎ~~,5
"저는 약 3년째 쓰는 중이예요~<br><br>아침저녁으로 딱토&amp;데일리 로 아침2회,저녁2회 사용합니다.<br><br>대용량 찾다가 우연히 만난 <em>토너~ 너무 좋아요</em>~~~<br><br><em>가볍게 각질정리도 되는거 같아요</em>.<br><br><em>전 각질제거 제품을 사용해 본적이 아마 토너 만나기 전인거 같습니다 </em>ㅋㅋㅋ",5
"너무 <em>마음에 들어요</em>! 추천합니다. 엄청 싸게 샀어요. 저렇게 대용량에 1 플러스 1이라 500미리 ×2 해서 1리터인데, 1만원 초반이라니. 게다가 저는 여기저기 쿠폰이 포인트까지 긁어모아서 6천원 가량이 샀습니다. 지금 한 2주 썼는데 화장솜 흥건히 적셔서 매일 쓰고 있는데도 줄어들지가  않습니다. 지성 피부인데 산뜻한 느낌도 들고, <em>무엇보다 수분감도 채워줘서 </em>개만족! <em>재구매 의사 있습니다</em> ",5
<em>일단 향이 강하지 않아 좋아요</em>!! 은은~ 처음 사용해보는거라 화장솜에 듬뿍젹셔 양볼과 이마에 올려 두드리며 흡수시켯어여~손으로 바르기엔 좀 묽어요! 최근 지방으로 이사하고 환경이 바뀌어 그런가 전에 없던 트러블이 살짝있는데..기대해요! 진정되기를!! 일단 <em>첫 사용에 느낌이 좋아요</em>^^,5
"용량이 혜자라서~ 닦토하기 좋네요!!<br><em>아까워서 </em>스킨도 손에다 바로 찹찹 바르는데~<br><em>용량이 많으니</em> 솜에 듬뿍하고 바르네요~<br>첨에는 약간 자극 있는데, 얼굴 보니 빨갛거나 자극있진 않고.. <em>몇 초 기다리니 괜찮아 지네요</em>~ 쑥 성분 들어갔으니 1달 후가 기대됩니다.",5
"<em>이 토너 정말 좋네요</em> 아무생각없이 싸서 사본건데 닥토로 슥슥 닦아줬을 뿐 다른 기초는 바뀐게 전혀 없는데 <em>피부 꽤 깨끗해지고 뾰루지도 덜나요</em> 엄청 <em>만족합니다</em>!! 저는 1+1 8,900원에 샀는데 지금은 폼클렌징 껴주고 9,900원이네요 판매자님 그냥 <em>폼클렌징 필요없으니까 조금이라도 저렴하게 오래 팔아주세요</em> 다들 저와 같은 마음일거예여 ㅋㅋ 다 쓰면 또 사러 올게요^^",5
바하 아하 성분이 있다보니 트러블 바로 위에 쓰면 따가운 자극이 느껴지긴 합니다. 생리기간에 난 뾰루지 가라앉히려고 닦토했는데 아프지 않게 가라앉네요. 코나 턱 미간 위주로 꼼꼼히 닦아주니 따로 각질케어 할 필요 없는 듯 해요.,4
진짜 대용량이에요~닦토가 필요해서 산건데 이거 한참 쓰겠어요.<em>향이나 발림이나 다 나쁘지않아요</em>. <em>데일리 각질관리에 좋다는데 </em><em>전반적으로 나쁘지않아 맘에 듭니다</em>. 닦토는 큰 트러블없으면 그냥저냥 써지는것 같아요. <em>이 제품 정말 가성비 갑</em>!!,5
쭈욱 사용하고 있는 상품이라 반정도 남아서 구매 했읍니다. 닥토로 사용하기에 좋은상품이며 각질제거 잘되구요 미스트로 사용하기에도 나쁘지 않읍니다 워낙에 악건성이라 가끔 화장솜에 팩처럼 사용하고 있구요 7스킨으로도 잘사용 하고 있읍니다 가격 향 발림성 가볍게 사용하기 좋은 상품 입니다꼼꼼한 포장과 빠른배송의 감사 드리오며 잘사용 하고 또 오겠읍니다번창 하세요.,5
우선 넘나 착한 가격에 500ml 토너를 1+1로 겟하게 되어 좋습니다~ 토너는 역시 순하면서도 부담없이 여러번 두드려서 흡수시키는 맛에 쓰는데 자연약쑥 토너 한참 쓸거같네요 :) 아직 쓰던 토너가 남아서 발라보진 않고 향기만 맡아봤는데 너무 릴랙스되고 좋은 향이 나네요 ㅎㅎ! 배송도 적당히 빠르고 좋았습니당!,5
주문 당시 도착 예정일보다 오히려 일찍 도착했네요.플라스틱으로 가볍고 <em>군더더기 없이 심플한 디자인의 용기에 대용량이라 실속있네요</em>.<em>향도 남녀 공용으로 사용해도 무리없을 향이라 좋아요</em>.유통기한 2022년 6월 16일까지 넉넉합니다.,5
"트러블 급 생기고 나서 이 토너만 사용하고 있어요. 약쑥토너라고 해서 쑥냄새 나면 어쩌나 했는데, 완전 제스타일이에요 향♡ 뭐라 설명하긴 어려운데, 약간 달달한하면서 무겁지 않은 자연스러운 향? 어쨌든 자꾸 맡고 싶어져요 ㅋㅋㅋ 촉촉한 토너인데 피부 답답하거나 무겁지는 않아용!",5
<em>향이 지나치게 강해서</em> 첫 느낌이 별로였구요진정 수분기능이라 했는데자극이 있습니다화장솜에 묻혀 각지제거용 토너로 사용하려고 대용량을 구매한거지만 <em>강한 향과 자극으로 각질 제거용 으로도 사용하지 않게 되네요</em> 좀 더 나은 걸 구매할걸 그랬네요,3
로션 바꾸고 나서 얼굴이 매일매일 필링한 느낌이예요~ 세안하고 화장솜으로 정리해준다 <em>얼굴이 부들부들해</em>졌어요~ 아침에 <em>화장이 잘먹네요</em>~쑥이 들어가서 향때문에 고민했는데 <em>향도 거부감없이 좋아요</em>~ <em>가격도 너무 착하고 대만족입니다</em>!!다 쓰면 꼭 재구매하겠습니다^^,5
이미 사용한 제품이라  재구매 했어요. 쿠폰이랑 이벤트 포인트로 정말 <em>저렴하게 구매했습니다</em>. <em>쑥향이 은은하게 나면서 </em>예민한 피부에도 진정효과가 크고 <em>자극이 없어 정말 좋습니다</em>. 대용량이라 부담없이 1회 <em>사용시에도 충분한 양을 써도 오랫동안 사용할 수 있어요</em>. 추천합니다. 꼭 사용해 보세요.,5
"<em>용량 대용량이고 향도 괜찮아요</em>...사용된 원료는 좋은건지 나쁜건지 전문가가 아니라 모르겠지만, 화장솜에 흠뻑 적셔서 입주위랑 올려놓고 팩대용으로 사용하니 <em>그다음날 화장 더 잘받네요</em>~~계속해서 <em>저렴한 가격으로 구매하고 </em>싶어요..추매 200% 할 생각입니다.좋은제품 많이 많이 만들어 주세요~",5
"배송은 빨라서 좋았구요, 제품은 약쑥이라길래 약간 쑥향나는 건강한 느낌생각했는데 인공 레몬+오렌지향같은 상큼한 냄새가 나네요. 예전에 비슷한 향의 청소용 물티슈를 쓴적이 있어서.... 일단 얼굴에 스킨팩처럼 써보니 자극은 없었고 촉촉해요. 물같은 느낌이라 생각했는데 마르고나서 손에 약간의 끈적임까진 아니고 되직한 영양에센스 바르고나서 손에 남는 그런 비슷한 느낌이 남네요. 겨울되니 손이 건조해서 손등에도 스킨팩처럼 붙이고 있는데 얼굴에는 자극이 없었는데 의외로 손이 따끔따끔한게... 건조한 상태에 흡수되는건지 AHA성분같은게 자극이된건지 아직은 잘 모르겠네요. 향은 무향이면 좋겠지만 개인취향이라 넘어가고..<em>저렴한 가격에 용량이 커서 </em>좋아요. 한번 쭉 써볼게요.",3
닦토로 사용하는 스킨입니다 벌써 세번째 구매예요. 피부트러블로 고생할때 처음 샀는데 지금껏 애용하고 있어요.사실 이번구매 전에AHC 스킨으로 살짝 갈아탔었는데ㅠ 저는 여기 스킨이 더 잘 맞아서 다시 돌아왔어요. 피부진정/<em>각질제거에 좋아요</em>.그리고 폼클렌징 증정이벤트 하시는데 저는 쓰는 제품이 있어서 사장님께 안주셔도 된다고 말씀드렸어요.그런데 웬걸 ㅠ 배송받아보니 핸드솝 같이 보내주셨네요ㅠㅠ 받자마자 써봤는데 <em>향이 너무 좋아요</em>..매번 피부에 잘 맞는 제품 저렴하게 사용해서 기분 좋았는데 이런 선물까지 함께 보내주시니 너무 감사하고 감격스럽습니다ㅠㅠ잘 쓰겠습니다~ 감사합니다~,5
<em>저렴하게 구입했어</em>요! 쑥 냄새 강하다는 후기도 있었는데 <em>생각보단 괜찮았고 </em>스킨팩용으로 구매했는데 촉촉한데 끈적이지 않아 좋았고요 대용량에 1+1이라 부담없이 팍팍 쓸 수 있을 것 같아요ㅎㅎ 미스트 공병에 담아서 수시로 뿌려주려구요!,5
다른분 상품평엔 향이 진하다고 하시던데 저는 잘 모르겠어요. <em>쑥향이 은은한게 괜찮네요</em>. <em>양이 많아</em> 화장솜에 듬뿍 적셔서 닦아내니 개운해진 느낌이랄까? <em>가격대비 양도 많아서 </em>부담없이 팍팍 쓰기 좋은것 같아요. 원래 토너를 많이 쓰는 편인데 <em>정말 맘에 드네요</em>. <em>다 쓰면 또 주문할것 같아요</em>. ,5
세안후 토너를 듬뿍 ~~ 7번 토닥토닥하는  습관으로 토너 사용량이 많다보니 짐승용량을 구매하게 되는데요 검색중 후기가 좋아 첨으로 구매했는데요  사용감은 그닥  ..토닥였을때  약간은 끈끈한 느낌있고 ㅠ  파~왁  스미는 느낌이 없어요 걍 은은한 쑥향으로  여름 바디용으로 사용중입니ㅇㅏ ,3
아직 쓰고있는 제품이 있어서...써보구 나중에 구매후기 남길께요..처음에 왔는데 상품 속 박스는 찌그러지고 안에 용기 뚜껑은 4개중 2개가 깨져있어서 교환했는데 다행히 두번째는 정상적으로 도착했네요..상담원도 친절히 교환도와주었구요~써보구 구매후기 남길께요,3
우와 이토너 인생토너가될거같아요.딸2이라 딸들 주려고산건데 한통은제가^^따끔거림도없는데산뜻하고 향이여름의향이에요.에바스꺼네요.젊은이절 많이쓰던브랜드인데^^역시에바스다운향이에요.어쩜이렇게 저렴해도되는건지제가항암제복용을해서 화장품쓰기가힘들었는데 이라인으로 <em>기초샘플이라도 받아서 써보고 싶네요</em>.40대중반 항암제복용하는 아주극예민한피부인데 <em>넘좋아요</em>.^^,5
작은용량쓰다가 대용량쓰니 좋아요 한통산줄알았는데 두통에 폼도왔어욬ㅋㅋ저녁마다 <em>수분팩하는데 딱 좋아요</em>근데 저는 쓸때마다 화하더라구요잘 뒤집히는 편인데 언니가 쓰다보면 괜찬대서 우선 계속 사용하고있어요나중에 한달후기 쓰러올게요,3
처음 구매하는 토너라 설명 보고 구매하게 되었어요...토너치고는 향이 조금 있는 편이구요.   개인 차이가 있게지만 뽀송함보다는 아주 조금은 끈적함이 있는 편인 것 같아요.잘은 모르지만 전성분에 피이지가 있네요 하지만 식물추출물이 많이 많은 것 같네요.<em>용량은 넉넉합니다</em>.,3
사은품 누락사은품도 업체맘대로 변동첫줄에 버젓이 선젤 준다고 써있는데왜 안주냐니 2개 구매부터 준다했다가다시 문의하니기간이 아니라서 안준댔다가지에스도 중간에서 나몰라라 방관하는업체그냥 싼값으로 쓰실분만 쓰세요ㅋㅋㅋ난 우리집 먼지닦이 용도로 쓰려고요<em>냄새가 구려서요</em>ㅋㅋㅋㅋ,4
향도 스파클링 향 같이 시원한 느낌입니다. 유분기도 적당히 있어 건조하지 않구요~세안 후 얼굴에 노페물이 있을까싶어 닦아내는 용도로 쓰고 있어요. 평소에도 닦아내는 용도로 사용하다보니 토너 사용량이 많은데...저렴한 가격에 대용량으로 그것도 두개씩이나 잘 산거 같아요~,4
"<em>건조한피부에 좋아요</em>..  하루종일 에어컨이나 히타켜놓고 <em>생활하는 저같은 사람들에게  건조하지않고  보습력이 좋으네요</em>..<br><em>가을겨울에   각질</em>,보습까지 한꺼번에  관리하기좋아요.  여름엔 좀 답답하게 느껴질수도있겠지만...<em>  기대이상입니다</em>.",4
진짜 가성비값 수분크림이에요 향이나 발림성 너무 조아요 이더운여름에 수분크림 잘발라줘야죠 지금 1+1이라 언넝 구매햇네요 최고에요 엄마랑하나씩 나눠 쓸꺼에요 맘에 듭니다 쑥성분도 들어가고 진정도 된다니 지금 계절에 딱 필요한 제품,5
"얼굴에 바르는 화장품은 써봐야 <br>좋고 나쁨을 평가할수 있는데<br>아직 제대로 사용하지 않아 평가 하는건 무리가 있네요.  수분크림은 3회 써봤는데 흡수가 잘 않되는건지 좀 번들거리지만, <em>얼굴은 촉촉해</em><br>당분간 저녁에 사용해 보기로 했 습니다<br>기회가 되면 사용후기 남겨볼께요!!<br><em>향은 쑥냄새는 안나요</em>",3
세안 후 화장솜으로 닦아내기도 하고 결 정리도 할겸 샀어요..닦토로 쓸꺼라 <em>용량 큰</em> 걸로 골랐는데..하루 써서ㅜ<em>효과는 아직 모르겠으나 향이 좋으네요</em>.. 인위적인 <em>화장품향 아니고 뭔가 건강한 향이나요</em>..용량도 엄청나고 포장도 깔끔하고 깨어지지 않게 잘 되어서ㅜ왔어요.. 물론 배송도 빠르구... 추천할만하네요,5
주일에 주문하고 화요일에 받았네요. <em>저렴한 가격에 잘 구매했어요</em>. <em>양도 넉넉해서 </em>세안 후 닥토로 쓰거나 스킨팩으로 쓰기 좋아요! 피부타입에 따라 다르겠지만 <em>같이 사용하는 조카는 얼굴에 뾰루지가 올라오던데 전 괜찮더라고</em>요. <em>재구매 의사 있어요</em>~,5
아직 <em>하루밖에 쓰지않아서 효과는 모르겠지만 </em>느낌은 산뜻하고 아주좋습니다 <em>피부가 속건조겉지성</em>이고 민감성이라 콧물제형을 정말 싫어하는데 <em>이제품은 묽은 제형이라 너무맘에들어</em>요 간지러운느낌도없고 <em>산뜻하게 각질이나 노폐물이 제거되서 </em>느낌이좋아요 짐승용량에 폼클까지 사은품! 정말 감사합니다,4
<em>요즘 토너처럼 물같지 않아서 더 맘에 들어</em>요. 촉촉하고 향기는 강하지만 <em>나쁘진않고 </em><em>양이 많고</em> 클랜징 폼도 주시고 완전 득템! <em>가성비 최고입니다</em>. 화장솜으로 닦아봤는데 얼굴이 약간 화한느낌? 이 있었지만 금방 괜찮아졌어요. 얼굴이 촉촉하고 잔여물도 잘 닦이네요. 잘쓰고 또 구매하고 <em>싶어요.</em>,5
"이번에도 1 1으로 구매할수 있어서 바로 구매했어요 <br>대용량이라 여러모로 자주자주 사용하는 편이라,마스크팩을 자주 사용하는 편인데, 이제품 구매한뒤부터는 하나는 화장대에. 하나는 냉장고에 넣어두고 아주 여러모로 알차게 잘쓰고 있어요.<br>담기회에도 저렴하게 구매할수 있는 기회가 있다면 꼭 쟁여두고 싶은 제품이네요<br>",5
무엇보다 대용량이라서 아낌없이 사용하고 있어요~ 약쑥이라고 해서 향이 강할까 걱정했는데 건강해지는 향이라고 해야하나요?거부감 없이 잘 사용하고 있습니다. 트러블케어정도는 아직 사용한지 얼마 되지않아 한참사용해 봐야 알것 같아요 ㅎ 일단 현재까지는 트러블없이 잘 사용하고 있습니다,4
민감하고 예민한 피부여서 쉽게 다른 제품을 사용하지 못하는데  이제품은 아무 트러블이 없고 피부가 더 부드러위지고 촉촉합니다. 대용량이고 <em>저렴하게 잘구입하여  사용하고 </em>있어요.로션도 쓰고 싶은데 없나봐요.<em>정말 좋아요</em>,5
순한 제품만 써왔는데 <em>이 제품은 일단 향이 강해서 </em>거부감이 좀 들어요...근데 피부가 화끈거린다거나 별다른 부작용 증상은 없는 것 같아서 닦토로 그냥저냥 쓰면 될 것 같네요양이 많아서 팍팍 쓰려구요재구매 의사는 글쎄요...,4
재구매!!!! 500미리 두통에 폼클까지 ㅇ0ㅇ 진짜 저렴하고 양도 혜자입니당닦토용으로 아주좋구욤 평소 건성에 트러블은 없는데 종종 좁쌀이들 올라오는 피부인데 이걸로 닦토하면 진정되는 느낌이라 너무 좋아용ㅠㅠ 배송은 판매처가 월요일 휴무인거 제외하고 일요일주문 수요일아침일찍도착했습니당 ㅎㅎ 감사해욤,5
기존에 쓰던 스킨이 떨어졌는데 상품평이 많고 좋길래 사봤어요어제 와서 바로 써봤는데 물처럼 되게 묽어요기존에 쓰던건 약간 콧물같이 점성이 있었거든요묽은거치고는 촉촉하네요원래 이렇게 묽은거 별로라고 생각했는데 괜찮아요겨울엔 좀 건조할수도 있을듯냄새는 좀 특이한거같애요,4
1 2라 구매했어요 여기가 가성비!!!ㅎㅎㅎ 매번 세네개씩 사서 쟁여놓고 사용하는데 닦토도 하고 화장지울때도 이걸로 사용해서 금방금방 쓰게되더라구요 :&#41  그래서 1리터가 생겼으면 하는 작은 바램이 ㅋㅋㅋㅋㅋ 공병이 집에 너무 많아서 버리게되는게 아까비ㅠㅜㅜ,5
"상세정보에 전성분이 올라와있긴 한데 화질이 흐려서 자세히 확인이 안됨.자연성분이고 순하고 자극 없다고 해서 구매했는데오늘 배송와서 보니 피이지, 페녹시에탄올 들어있네요 햠량이 어떻던 유해성분으로 분류되있는 성분인데.. 상세정보란에서 전성분을 를 더 정확히 확인할수 있게 끔 공시해주세요",2
"<em>민감성피부는 추천하지않음 각질제거 겸 닦토용으로 쓰려고 </em>구매한건데, 아하와 바하성분이 둘다 있어서그런지 생각보다 자극이 커서 트러블이 생겼어요. 볼에 트러블이 조금 있는 상태였지만 그게 악화되었고, 이마와 콧등에는 트러블이 없었는데 새로 생겼어요. 결국 사용중단하고 <em>가라앉히느라 힘들었네요</em>...세안후 바로 닦토로 한번 쓰고나서 흡수시키지말고 물세안해야겠어요.. 아니면 등드름에 사용하든가요.. 향은 상큼한 <em>레몬향이어서 사용할때마다 기분은 좋았어요</em>.",2
"<em>정돈용 닥토로 사용 설명대로 효과가 있는지는 더 사용해봐야 알 것 같지만 </em>일단 나흘정도 사용해봤는데 트러블은 없는 것 같고 자극적이지도 않은 것 같아요. 닥토로 쓰고 알로에 젤로 수분 채우고, 크림 순으로 사용하고 있어요. 아하바하 들어간 순간부터 이미 닥토일뿐 수분채우는 용도로는 사용하지 않을 생각이어서요. 요즘은 따로 필링을 주기적으로 하지 않고 <em>토너와 에센스로 각질 정돈하고 </em>필요하다 싶을 때만 해주고 있어요. 토너 쓰면서 굳이 필링 또 하게되면 자극적일 것 같고 건조해져서 <em>더 각질이 일어날 것 같으니 </em>안하는 게 좋다고 생각해요. 한통 다 썼을 때 t존케어가 잘 되있기를 바래요.. <em>한통이 더 남아 있다는 게 어마무시하네요</em>. 아쉬운 점은 향이 레몬들어간 퐁퐁향?인거랑 사용 후 끈적임이 좀 있어요. <em>굳이 이것저것 좋다고 </em>하니까 다 때려넣어보자 느낌의 토너인데 성분들끼리 어우러지긴 하는 지 의문이네요..? 이번에 써보고 결정 할 일이지만 <em>지금으로서는 또 구매하지는 않을 것 같아요</em>.",3
"피부가 많이 예민해져 있을 땐 바르고 나서 좀 따끔거렸었는데 매일 바르면서 진정되고 나니까 <em>무난하게 바르기 괜찮았어요</em>. 촉촉하기도 하고요.<em>대용량에 가격도 1+1에 저렴하게 사서 </em>막 쓰기 좋아요.닦토용이나 수분팩하기엔 괜찮은 토너라고 생각하지만, 별다른 효과를 바라고 사용하시면 만족을 못 하실 수도 있을 것 같아요.전 그냥 막 쓰기 좋은 촉촉한 토너를 찾은 거라 나름 잘 쓰고 있네요.",4
토너 하나에 원가3만원짜리인데. 토너사려고 구경하다가 우연히 보고 두개 1만원꼴로샀네여 같이 온 폼클렌징도 2만원 <em>정도 하던데 싸게 잘샀어요</em> 토너 바르면 흐르는 물이 아닌 약간 <em>제형이 있어서 겨울에 쓰기 좋은거 같아요</em> 폼클은 색도 녹색이고 냄새부터 쑥 냄새가 은은해서 쓰기 딱이네요 <em>각질 효과도 있고 </em>잘쓸게요~ 저렴해<em>서 유통기</em>한 짧을줄 알았는데 넉넉해요~~ 21년까지^^ ,5
"정 말 만족한 제품입니다<br><em>스킨에다 각질까지</em><br>피부가 훨씬 매끄럽고 부드럽습니다<br>※ 작성시 주의사항<br>작성된 상품평(사진, 동영상 포함)은 GS SHOP 및 제휴사 마케팅에 활용될 수 있으며, 다음 내용의 글은 관리자에 의해 임의 삭제될 수 있습니다.<br>- 전화번호, 주민번호, 이름, 아이디 등 개인정보가 포함된 글<br>- 저작권침해/음란/<em>욕설</em>/비방글<br>- 판매/광고/홍보성 글을 등록한 경우정 이",5
"<em>저렴해서 </em>한번 사봤어요 <em>두개에 8,900원은 진짜 저렴하네요 </em>ㅋㅋ 심지어 무료배송 우왕굿 ㅋㅋ 뭐 닥토용이라 그리 좋은 것도 필요없고 팍팍 막쓰기 좋고 부담없죠 <em>리뷰에 보니 저렴한데도 중간이상은 하는 거 같고 </em>앞으로도 종종 구매할 거 같아요",5
"두번째 재구매인데 가격,용량,그리고 서비스로 클폼까지... 다 <em>만족스러웠어요</em>제피부가 지복합성에 트러블이 잘 나는피부인데 이제품은 크게 트러블이 커지거나 하는건 없었고,오히려 약간의 진정효과가 있는거같아요 저는 매일 닦토로 쓰고있어요좀 아쉬운점은 약쑥함량을 늘려서 더좋아졌음 좋겠네요,향기도쑥향이났음좋겠어요",4
아니~ 이건 거져 주는거 아닌가요!? 500미리 1+1 에 클렌징 폼까지~ 대박 감사해요! 스킨은 화장솜에 묻혀 닦아냈어요. 약산성이라해서 믿고 써볼려고 합니다^^ 클렌징폼은 알카리라 화장은 잘 지워지는데. .. 약산성폼만 써온제게는 넘 센듯해요,3
지인이 자취해서 집들이 선물용으로 골랐는데 대용량에 아주 <em>마음에 들어하더라구요</em>~<br>써 봤는데 쑥 향 때문에 좀 거슬리긴 해도 <em>건조한 피부가 더 좋아진 것 같다고 하네요</em>!<br>저도 하나 get 해야겠어요! ㅎㅎ<br>앞으로<em>도 아주 많이 번창하세요~♡</em>,5
용량에 놀라고 가격에 놀라고 서프라이즈한 제품이네요^^<br>용량은 보는데로 500+500.. 1리터구요^^ 거기에 폼클렌징도 챙겨주셨네요ㅎㅎㅎ 별 기대 안하고 써봤는데 <em>향은 쑥향이 은은하게 나요</em>.. <em>전 별로 거부감 없이 쓰고 있어요</em>. 아침 저녁 세안후에 화장솜에 듬뿍 적셔서 닦아내는데도 오래쓸꺼같아요.. 코에 모공이 넓은 편이라 코는 피지좀 녹이느라고 토너를 적신 화장솜으로 팩을 하는데 <em>아주 좋은거 같아요</em>. 따가움은 별로 못느끼겠어요. 기존에 쓰던 토너가 아직 남아있긴한데 겨울용으로 산거라 그런지 무거워서 자꾸 이것만 쓰게 되네요..,5
"<em>향이좋아요</em> <em>생각보다 향이 상쾌하구 상큼해요</em>.레몬향과 허브향이나구요~쑥향은나지않아서오히려사용하는데 거부감이 없더라구요.다만 배송이느리고 연락도없이 문앞에놔두고간것빼고는 상품은 계속써봐야 알겠지만7스킨법하려고 대용량으로 찾다가 워낙 <em>민감성에다가 속건성이 심해서 </em>고민고민하다 구매해봅니다. <em>용량이 많아서</em> 듬뿍듬뿍 화장솜에 적셔서썼는데, 다음번엔 진정팩과 클렌징으로도 해볼생각이예요~",4
할인쿠폰 써서 10320원 써서 토너 두개에 클렌징폼 하나 받았어요 정말정말 싼 가격이죠 게다가 토너는 제가 원하던 완전 물토 닦토로 쓸 수 있어서 만족했습니다 배송도 월요일 저녁에 시켜서 수요일 오후에 올 정도로 빨랐고 냄새는 허브냄새가 살짝 진해서 호불호가 갈릴 수도 있겠네요 클렌징폼 사은품 감사드리고 제품 열심히 다 쓰고 또 주문할게요,5
"<em>닦토로 쓰기에 너무 좋아요</em>. 대대용량3일째 사용중인데 아직 트러블나진 않네요,향은 친숙한 향인데 명확하지않아요.알로에 음료수향? 모히토 음료수향?쑥냄새 아닌건 확실해요.화장솜에 묻혀 닦아주니 촉촉하고 좋아요.이아이만 바를 정돈 아니지만, 씻고 급 땡김은조금 잠재워줄 정도?는 되네요.",5
<em>가성비가 정말 좋아요</em> 500ml라 양이 많은데 1+1이니 정말 양이 많은 편이라 듬뿍 쓰기 좋은데 저는 향은 살짝 오렌지 향이 강한 느낌이어서(?) 약쑥인데 <em>쑥향 보다는 오렌지 느낌의 향이 강해서 </em>향이 저랑 안 맞아요 ㅋㅋ저한테 살짝 자극이 있는거 같지만 강하진 않구요 (향 때문인듯) 듬뿍 화장솜에 묻혀서 사용하기 좋아용,3
한달 동안 써봤는데 처음엔 자극적으로 느껴졌던 <em>향도 시간이 지나 적응되서 인지 괜찮아</em>졌어요! 저는 수분듬뿍 <em>스킨 바르는걸 좋아해서 </em>화장솜에 듬뿍 묻혀 바르는데 한달 사용했는데도 아직 한통 반밖에 안썼어요 ㅋㅋㅋ<em>엄청 가성비 갑</em>!!,5
이틀정도 써봤는데 <em>괜찮은거 같아요</em>.<br>2022년1월3일까지네요.<br><em>향도 은은하고 용량도 많아서 </em>좋네요.<br>닦아내고 화장솜에 듬뿍 적셔서 올려놓으면 피부가 조금 진정되는 느낌이예요. 피부마다 다르겠지만요.<br>더 써보고 괜찮으면 재구매해야겠어요.,4
"무색인줄 알았는데 화장솜으로 닦으면 약간 초록색이 있는듯?제형은 그냥 물 같아요 그치만 <em>양이 많으니</em> 넉넉히 사용할 수 있겠네요.처음에는 약간 화한 느낌도 있고, 눈에 들어가면 조금 따가운 거 같아요.그래도 전체적으로는 <em>마음에 듭니다</em>&gt;~",4
맑은 물같은 제형이나 화장솜으로 피부를 닦아내는 느낌은 촉촉~에센스 느낌?바로 건조한 느낌도없이 매끈했어요.워낙 예민한 피부라 약간 붉게 됐지만 2틀 사용후 트러블 없이 사용중! 리뷰에 이물질이 보인다해 걱정했는데 제껀전혀 없던데 ...,4
여름에  사용하기  좋겠어요 아하  바하성분이  들어가 있어  여름 에  각질제거나 모공관리에 편하겠어요이런제풍ㅅ찾고  있었는데  딱이네요저렴한가격에  선물 로  필링젤  까지  주시니  좋네요향은  은은한 허브향이예요근데  구멍이 조금 작아야겠어요  좀  넉넉하게  나와서 첨에 헉  당황했어요화장솜에 부을때  양조절 잘하셔야해요,5
한방냄새가 강하게 날줄알았는데 생각보다 뭔가 달콤한 냄새에 놀랐습니다! 무슨냄샌지 모르겠지만 어디선가 맡아본 계속 맡고싶은 냄새?! 그리고 촉촉한거 진짜 갑인듯요! 그냥 싸게 사야지했는데 저렴이치고는 완전 촉촉오래가서 좋았어요! ,5
추천해요!!! 제가 피부가 중건성인데요즘 환절기라 더 건조해지는느낌이들어라구요 ㅠㅠ 트러블도 조금 올라오고 ㅠㅠ 그래서 작은희망을가지고 이제품을 주문해서 사용해봤습니다!일주일정도 썼는데 처음 쓰자마자 <em>피부결이 한층 매끄러워졌었어요</em> 지금도 계속쓰고있는데 <em>트러블도 사라지고수분감도 쓰기전보단 좋아요 </em>!!이제 이것만 쓸거같아요 ㅎㅎ,5
재구매 엄청 저렴한 가격으로 대용량을 두 통을 구매할 수 있다는 장점이 엄청 커요.닦토로 쓰거나 화장 하기 전에 5분 정도 화장솜에 올려두고 있다가 화장하고 있어요.촉촉해지거나 이런건 저언혀 모르겠지만 일단 뭐 올라오는건 없어서 다시 써보려고요,4
진짜 많아요..아주 그냥..보기만 해도 넉넉해진다는ㅎㅎ일단 향은 살짝 독특한데 시원한게 취향에 잘 맞네요얼굴 한번 닦아내어 봤는데 청량감도 좋고.. 눈에 살짝 들어갔더니 잠깐 따갑습니다ㅋㅋ요새 공기 안좋아서 잠깐만 나갔다 와도 꾀죄죄 해지는데 아침저녁으로 열심히 닦을수 있겠네요많이 파세요~,5
몇주간 사용후기 실제로 사용해보고 후기 쓸려고 늦었네요.스킨팩하려고 구입했는데 대용량이라서 오래 사용할 것 같아요!!<em>개인적으로 허브향 너무 좋아요</em>~산뜻하신거 찾으시는 분들 사용하시면 좋을 것 같네요.<em>피부가 민감하신 편이라면 비추입니다</em>! 리뷰에 피부 따가우신분 있으시다고 하셨는데 저도 그랬어요!! <em>특히 뾰루지 올라온 부위가 많이 따가웠어</em>요. 다른 부위는 괜찮았지만....,3
<em><em>사실 제품은 가격도 저렴하고 </em></em>화장수도 �냈珦별� 같아요. 하지만 배송은 그렇게 빠르지 않아요. 다른 단점은 없는거 같아요.사실 제품은 가격도 저렴하고 화장수도 �냈珦별� 같아요. 하지만 배송은 그렇게 빠르지 않아요. 다른 단점은 없는거 같아요.,4
예전딜에서 구매새서 사용하고 다시찾고있었는데<br>발견하자마자 바로 재구매했어요<br>가성비 정말 이만한제품이없어요<br>주위에도 추천많이하고 진짜 인생토너입니다ㅠㅠ<br>신랑이랑 같이 쓰는데 신랑이 떨어지자마자 이제품 다시 쓰고싶다고 저보다 더 찾았네요 다른건못쓰겠다고 ㅋㅋ,5
약간은 따끔한 스킨 스킨이 떨어져 찾던 와중에 우연치 않게 구매하게 되었습니다스크럽을 하고 쓰면 약간 따끔따금함이 느껴지네요 다른 약산성 스킨보다 산도가 낮은것같습니다 피부가 민감하시면 고려해 보셔야 할 것 같네요대용량에 피부가 민감하지 않으시다면 추천드립니다,4
"<em>가성비 갑</em>!! 후기에 안맞다는 분들이 있어 걱정했는데 다행히 저랑은 잘 맞네요. 이 가격에 구입했다니, <em>정말 저렴하게 잘 구매한거같아요</em>. 아침저녁으로 쓰고있는데 넉넉해서 마음껏 쓰는 중이에요! 생리기간중에 <em>트러블이 올라왔는데 금방 가라앉았어요</em>. <em>정말 맘에 들어</em>요!! 많이 파세요~!",5
<em>조아요</em> 세수안하고 얼굴에 바르면 촉촉한거 빼곤 잘모르겠는데 클렌징하고나선 확실히 얼굴이 조금 따끔거리면서 화한 느낌이 있어요. 그리고 조금지나면 엄청 보송해져서 신기해요ㅋㅋㅋ 성분에 에탄올 들어간게 조금 아쉽긴한데 딱히 뭐 나는것도 없고 <em>향도 상큼해서 만족해요</em>~ 건성분들은 꼭 이거바르고 에센스나 딴거 바르셔야해요ㅎ,4
<em>나쁘지 않아요</em>. <em>시트러스 향이 굉장히 강합니다</em>. 저는 상큼상쾌해서 좋은데 다른분들은 어떨지 모르겠네요. 일단 지금까지는 트러블이 안나는데 바르면 따가운 느낌이 들어서 눈가에는 무서워서 사용하지 않고 있습니다.... 물제형인 데 아주약간 미끈거림이 있어요.,3
"<em>향도 굉장히 좋고</em>, 용량이 많아서 닥토로 쓰기 적합해요<br>마무리감도 프레시해서 정말 마음에 들었고,<br>즉각적으로 피부가 진정되고 결정돈이 되어 좋았습니다<br>다만, 500ml라 병이 크고 무거워서 솜에 적당량 덜기가 어려운것같아요ㅠㅠ 펌핑용기가 더 좋을 것 같습니다",5
향이 아주 많이 맡아본 향인데....<br>닦고나면 깔끔하고  깜빡하다 에센스 안 바르다보면 조금 건조한 느낌도 드네요  <em>가격대비 쓸만해요</em> <em>성분도 괜찬은것 같고</em> 딸애가 화장품을 많이 써서 몇개 쟁여놨더니  한동안 스킨은 안사도 될듯,4
괜찮은듯.. 수부지에 여*름피부라 아무거나 쓸수없는데 양도 많고 <em>저렴하고 </em>상품평이 좋아서 첨 구매했어요 3일정도 썼는데 트러블은 없고 향은 쑥향은 아니예요 상큼한? 자몽향+레몬향? <em>괜찮아요</em> <em>각질케어가 잘돼야 화장도 잘먹으니깐 양도 많아서 </em>푹푹써요 <em>괜찮은듯해요</em>,4
민감성피부인데 <em>진짜좋아요</em> 매번 <em>착한가격</em>에 대용량스킨을 구매해서 판매자님께 감사하게생각합니다. 일단 3번째 재구매이고 시루콧토 화장솜과 함께라면 진짜 최고입니다. 거이 스킨팩<em>수준으로 해도 부담없고 순하고 좋아요</em>!! 계속 구매할께요!!,5
"<em>기대이상입니다</em>! 솔직히 큰 기대 안했는데요. <em>너무 만족해요 </em>ㅎㅎ다른 토너들은 화장솜에 묻혀서 사용하면 금방 마르고, 화장솜이 다 먹어버리는 느낌이었는데, <em>이 토너는 촉촉함이 오래가요</em>~ 조금만 화장솜에 묻혀도 충분하더라고요!! 향도 은은한 자연향기이고, 용량도 대용량이고! 당분간 토너걱정없어서 좋아요 ㅎㅎ그리고 같이 보내주신 필링젤도 좋아요~ 자극적이지 않고 피부관리 하는데 유용할 것 같아요~<em>필요했던 제품이었어서 더 만족합니다</em>. 감사합니다!!ㅎ <em>만족만족</em>!!",5
토너와 폼클렌징 다 잘 맞춰왔구요~~!! 오자마자 클렌징하고 토너 써봤는데 둘다 좋네요~!! 산뜻하게마무리되는 느낌이에요~!! 계속 써보고 제피부랑 잘맞으면 계속 쓰려구요~ <em>향도 은은해서 </em>부모님과도 같이 쓸수있을것같아요~!! 계속 <em>좋은 행사 부탁드려요</em>~!!,4
고민하지말고사세요~^^ 악건성이고요 닦아내는용 7스킨으로사용하려고구매했는데 싸이닉보다 훨촉촉하고 약간의 유분끼도있는듯합니다 살짝콧물스킨정도~? 4스킨째 살짝 끈적한느낌이들려고하네요 7스킨까진안해도 닦토용으로한다음 한율스킨한번더써주는데요 이거하고 한율스킨까지바르니까 평소에 에센스까지한정도로 촉촉한상태가되네요 이제싸이닉안사렵니다~^^ 너무광팬되었다고 초심잃으셔서 가격올리시는 불상사가 오지않길바라며 첨으로 이렇게 길게리뷰남기는날이왔으니 꼭 감동받으셔서 길이길이 원플러스행사 꾸준히부탁드립니다♡,5
<em>적극추천 나에겐 처음들어</em>본 브랜드이름에 .<em>가격도 너무 저렴해서 </em>. 반신반의하며 구매했는데. 왠걸..넘나 <em>맘이 듭니다</em>. 배송도 엄청 빠르고 스킨 용량은 말할것도 없으며 특히나 <em>향이 넘나 좋음</em> ㅜ 딱 떨어졌던 폼클렌징까지 받아서 넘나 대만족. <em>재구매 의사 백프로입니다</em>. 팩하려고 스킨이 많이 필요했는데 <em>다쓰면 또 구매할예정 굳</em>!!,5
와 6세트(총 12개) 구매했는데 사은품 클렌징폼 딱 하나 보내주셨네요... 그 클렌징폼 좋아해서 일부러 그거 사은품 할때 사는데.. 딱 하나 넣어서 보내주셨.. 제가 토너로 팩도하고해서 아낌없이 펑펑쓰는 편이라 재구매를 매번  몇세트씩 했는데 이런적은 또 처음..ㅠ 좀 씁쓸하네요..,1
좋아요 ! 진짜 이 가격에 이 용량이면 ... 최고인 것 같아요!팍팍 쓸 수도 있고 ㅋㅋ 좋아요폼클렌징도 같이 왔는데 이것도 증정이 아닌 것 같이 커요!향이 쑥향은 아니고 건강에 좋은 달달한 음료 향 ..? 나요 배송도 빠르고 좋은것 같습니다,5
"대박용량 닥토찾다가 저렴한가격에원플원이라 구매해봣는데진짜 짐승용량이네요ㅎㅎ화장품 잘안가리는 피부인데막 광고만큼 순하진 않은것같아요볼은 약간 화~ 한 자극이있네요그래도 아하,바하성분때문인지각질제거나 잔여물제거는 잘되는것같아서저녁에 한번만 사용하고잇어요~",4
泥⑤?ｋ??釉??????? 諛???諛?????硫? 援щℓ??????<br>?⑤낫怨? 諛?濡??ш뎄留ㅽ???ㅺ??ㅼ?댁???댁??<br>?λ?????곗?ν?μ?쇰? ??????怨? ?ъ?⑷<em>?????怨?醫??듬????</em><br>?깅??? ??媛??????????? 議곗???몄?닿?<br>鍮??? 釉????????????⑤???????댁??<br>????濡? ???????댁?⑤?? ?⑸━??媛?寃⑹?대ŉ ?대??吏??쇨?吏?二쇱??????怨?留??몃?곕??대?ㅼ??<br>怨??? ?닿?寃⑹?쇰???留ㅽ?댁＜?몄??<br>???곌??듬????,5
부드러워지는 느낌입니다^^ 처음써봤어요 아직 <em>얼마 안되어서 각질제거 효과는 잘 모르겠지만 </em>수분이 차는 느낌은 느껴집니다.<em>의외로 향이 강해서 </em>놀랐고요^^앞으로도 계혹 함께할 만큼 효과가 좋았으면 하는 바람이 있어요~!1+1<em>행사도 해주셔서 저렴하게 잘 구입했고 </em><em>왕만족했습니다</em>!,5
날이더워져서 시원하게 닥토하려고구입  약쑥성분이 쿨링도시켜주고 진정도시켜주길  향이좀쎄서 호불호있을듯,4
"재구매 예전에 잘 쓰고는 다른 토너로 한번 갔다가 다시 돌아왔어요. 겨울동안 점성이 좀 강한 타입으로 쓰느라. 전에도 그랬지만, 어머 이거 너무 좋아!!! 막 이런 느낌은 아니지만 안 좋다 느끼는 부분 없고 촉촉 부들 좋아요. 클렌징 폼 같이 주시는 것도 아주 잘 쓰고있어요.",5
피부 맨들맨들해진거같고 트러블도 안나네요 성분안전한것만쓴거 맞는거같아요 그리고 향기 호불호갈릴꺼�I긴한데 저는 진짜 넘좋아하는 시원한향ㅠㅠㅠ여름에쓰기 딱좋은향이에요 약간 장단점이 막씌운것처럼? 약간끈적이는 제형인데 약간 답답하긴해요 가벼운제형은아닌거같아요 그래서 저는 로션생략하고 이거 하나만바르고 화장해용ㅋㅋㅋ여튼 저는 좋아요!! 추처ㄴ!!,5
<em>양은 많아요</em> 폼클렌징에 500ml토너 두통이라 <em>양은 정말 많습니다</em>.  제 피부는 얼굴에 너무 기름지게 바르거나 기름진 음식 많이 먹고 난 후에 뭐가 나는 정도 입니다.  예전엔 기름 부자였으나 나이를 먹고나니 기름이 좀 줄어들어서 보습에 신경쓰는 피부입니다. 바르는 것만 알았지 필링 이런 거는 잘 신경 안썼었는데 점점 <em>얼굴빛이 탁해짐을 느끼고 각질케어에 관심이 가기 시작했습니다</em>. 가끔 세수하고 얼굴에 남은 물기로 얼굴의 때(?)를 밀곤 했는데 환절기가 되니 그러고 나니 더 건조해졌었는데!! 이건 진짜 엄청 강한거 같아요. 솜에 묻혀서 슥삭슥삭했더니 며칠동안 뜯던 <em>코 옆의 뜬 각질이 없어졋어요</em>. 볼이나 눈 옆같은 피부 얇은 곳은 스치기만 해도 충분할 것같아요. 맘 같아선 맨날 쓰고 싶지만 그러기엔 좀 따가울 것같아서 2일에 한 번씩 쓰고 있는데 닦고 나면 뭔가 광이 나서 신기합니다. 조금만 더 순하면 좋겠다는 욕심이 납니다. 양이 많아서 <em>다리에 일어나는 각질 없앨 때도 쓰고 </em>있습니다.,3
자연쑥 진정토너  물건받고 깜놀랬네요마침 필요한시점에 폼클렌징까지 보내주시고 써보니 척촉하니 좋네요단 토너 날짜가 마니 지난거라 좀 신경쓰이지만 그래도 감사히 쓰겠읍니다써보고 좋으면 계속 이용할거네요참 사장님 이윤이 남는게 있을지 부자되세요,5
<em>약쑥 용기가 일단 불편해용</em>ㅎ 톡톡 손바닥에 떨어뜨리면 입구쪽이 줄줄.. <em>양이 많아</em> 무거워서 그런거 같아요..  용기개선이 조금 필요할듯.. 그럼 금액이 올라가려나ㅎ... 향은 별루지만 쑥냄새 감안 함. 피지관리해준다해서 구매했구용. 다쓰면 좋아지겠죠?.. 한동안 스킨 안사도 되겠어용. <em>양많아</em> 7스킨법도 해도되겠어영^^,4
좋아요 좋아요  현재 1병 거의 다 써가고 있어요. 가격 대비 대용량으로 매우 좋구요닥아내는 토너로 한 번 쓰고 3번 정도 화장솜에 많이 적셔서 팩처럼 사용하고 있습니다.대용량에 가격대비 좋아서 아끼지 않고 펑펑 쓸 수 잇어서 좋구요 <em>쑥향도 좋습니다</em>. 지성피부에게 적합해요.,5
<em>나쁘지 않아요</em> 잘못쓰면 트러블 바로 올라오는 피부인데 화장솜에 스킨팩 했는데도 트러블 없어요.막 미치게 촉촉하다거나 <em>각질이 매끈하게 정돈 된다거나 그런 것까지 기대하지 마시구요</em>.<em>저렴한 가격에 무난한 토너 구입한다 </em>생각하면 될 것같아요.<em>가성비 만족입니다</em>.,3
처음써보는데 <em>완전 만족 토너 검색하다가 1</em>+1 세일해서 우연히 알게 됨.. 이 가격에 이런 용량도 감사한데 배송온걸보니 샘플로 썬마스크? 정품을 보내주심. 짱짱. 써봤는데 <em>촉촉하고 향도 좋고 </em>진짜 너무 좋음 ㅋㅋㅋ 피부가 예민해서 순하다는 말만 믿고 <em>주문했는데 </em>피부진정효과가 정말 좋음,5
독하지 않는 <em>순수 자연의 향기가 있다</em> <br>건조한 피부에 수분을 공급하는 듯한 상쾌감이 있는데 아직은 더 써봐야 알지만 꾸준하게 사용할 것이다.<br><em>가성비도 좋고</em> 써보고 더 좋으면 재 구입 할 생각이다..<br>감사합니다  잘  쓰겠습니다 ,5
추천합니다용 쑥?냄새인가요?나긴하는데뭐딱히거부감은없어요~마침 토너 떨어져서 찾고있는데1+1!!!!와 너무잘산것같아요그리고폼클렌지까지 같이..이거 너무좋은데요?친구한테도 추천했어요!또행사하면 사러올게용2개라서 오래쓸것같아서 좋아요~,5
약쑥이라 <em>자연약쑥이 들어가서인지 향이 좋고 </em>마음이 진정되는 느낌입니다. 그리고 제 피부가 민감해서 약간 따갑다는 평을 보고 걱정을 했었는데 화한 느낌이 들긴 하지만 따갑거나 하지는 않습니다. 눈에 살짝 들어갔는데도 별로 따갑다는 느낌을 못 받았습니다. 그리고 <em>용량이 무척 많고</em> <em>가격도 싸고</em> 거기에 폼클렌징까지 주니까 정말 잘 샀다는 생각이 듭니다. <em>각질 제거까지는 모르겠고 </em>산뜻한 느낌이고 모공도 약간 줄어든 느낌입니다. 뚜껑 부분이 커서 많이 흘러나온다는 평이 있었는데 어차피 화장솜에 충분히 적셔서 사용해야 한다고 하면 별로 문제될 것이 없을 것 같습니다. 보장도 잘 되어 왔고 배송도 바로 왔습니다. 다음에 또 사고 싶습니다.,5
<em>자연성분이 좋아요</em>. <em>용량도 많고</em> 1+1에 썬크림까지 잘 샀어요. 일단 토너는 너무 날라가는 <em>성분은 아니고 수분감이 많이 있어요</em>. 얼굴을 깨끗하게 닦아 주면서도 수분을 체우는 느낌. 좋습니다. 사은품으로 같이온 썬크림은 약간 녹색인데 베이스 역할까지 해주네요.,5
<em></em>팍팍쓰는중 닦토로 순하고 <em>양많은</em>걸로 찾다가괜찮아보여서 삿어요 ㅎ많은분들이 이야기하시듯 우선 케이스가 좀 아쉽지만 양보고 구입하셨으리라 보고 그정도는 넘어가주고요 ㅎ씻고나와서 처음 닦을때 보면 각질이나 피지가 노랗게 ㅋㅋ; 화장솜에 묻어나오니까좋더라구요(?) ㅎㅎ 잘샀네 하는 중 ㅎ이부분도 다른분들이 많이 말씀주셨는데화해요 화하다고해냐하나 따끔거린다고해야하나 제가좀 화장솜으로 박박 문질렀나? 이런생각도들었는데 다른분들도 그렇다고하니 그건아닌거같네요 ㅎ지금 한 4일째쓰고있는데 뾰루지나 이런게 나지는않았어요 양이많아서 두번씩 닦아주고있네요 ㅎ 잘쓰겠습니다~,4
쥬아여 클렌징폼은 제형이 완전 꾸덕꾸덕한거라 짤때 힘을 마니 줘야대여 근데 그거 빼고는 갠찮고토너도 입구가 펌핑식이 아니고 그냥 덜어쓰는건데 저큰걸 어케 맨날 덜어쓰나 싶기도 하고 불편하신 분들은 용기를 바꾸시면 댈꺼같아여 어쨌든 폼클렌징 증정까지 포함해서 총 세게에 9900원 어딜가서도 못사는 가격인듯ㅠㅠ 거기다가 쑥이 트러블이나 이런데도 젛은걸로 알고있는데 효과가 젛길 바래여 ㅎㅅㅎ 감사합니댱❤️,5
대용량..<em>맘에들어</em>요 한율라인중에 쑥 종류 쓰구있는데 <em>괜찮아서</em>  이것도 한번 구매해봣어요..일단 대용량이라 맘편히 넉넉하게 쓸수 있어서 좋구요..같은 쑥이라 그런지 잘 맞는거 같아요..배송도 무지 빨랏어요..<em>재구매 의사있어요</em>~~~,5
사은품이 좋군요. 사은품 받으려고 두세트 주문했어요. 1+1 이라서 본품 네병이랑 <em>필링팩까지 받으니 푸짐하네요</em>. <em>저렴한데다 사용감도 깔끔하고 </em>너무 마음에 듭니다. 운동하는데 락카에도 갖다놓고 쓰려고요. 배송도 빨라서 좋았어요.,5
<em>조아조아요</em> <em>엄청큰데 1+1이라서 가격만족 대만족</em>!!! 같이 온 폼클렌징도 너무 좋아요 토너후기중에 너무 자극적이다 이런말이 있어서 고민했는데써보니 저한테는 그렇게 자극적이지 않았어요각질제거도 된다고 하니 저는 막 문대서 쓰는 중입니다.ㅋㅋㅋ,4
대박에 대박 착한 아이 쑥이란 건강한 느낌부터아하바하 성분까지~다들 아시겠지만 이 성분들어가면 가격이 훌쩍 오르더라구요요즘 많은 토너 행사가 있는데 500ml는 잘 없더군요다들 대용량이래도 300ml인데1 + 1에 썬크림까지 주시니사장님 넘 감사~ㅎㅎ마침 무료배송이라 전해 눈여겨보다가 배송료부담에 못 샀던 퍼퓸핸드크림까지 샀어요~넘 착한 행사여서 동생이랑 같이 구매앴어요또 이런 행사하면 좋겠어요 ㅎㅎ그러나 다 쓰려면 언제가 될른지..워낙 대용량이라 ㅋㅋㅋㅋ.ㅋㅋㅋ,5
무난하니 좋아요 배송도 빠르고  덤까지 들어있는 제품이네요 기존에 쓰던 제품을 제껴두고 얼른 사용해 보았네요쑥향은 그리 진하지 않았어요 너무 진했다면 사용 못할수도 있었겠지만 딱 적당했습니다계속 사용해보고 다시 구매할듯해요,4
완벽히 봉해져있지 않아서 찝찝함 저게 처음 상자 뜯고 바로 열어본 것임. 뚜껑 안쪽에 보면 지저분하게 뭔가 묻어있고 실뭉치도 있었음. 그런데 보통 화장품에 처음 뜯을때 은박지같은것 또는 플라스틱으로 막아져있는데.. 그런것도 없었음. 그래서 혹시나 다른 것도 뜯어봤더니 역시나 없음. 솔직히 너무 찝찝함.,2
순하고 좋아요 트러블이 심해 순한  토너를 찾던 중 상품평이 좋아 구매하게 되었습니다. 7스킨으로도 사용해도 무난하고 스킨팩으로도 사용하기도 좋은것 같아요. 앞으로도 계속 사용할듯... <em>저렴한가격에 1</em>+1 거기에 클렌징폼끼지...<em>너무 너무 좋아요</em>. 대박나세요~~,5
이 토너가 <em>유분제거에 좋은거 같아요</em> 안그래도 제 피부가 지성인지라 유분기가 많아서 짜증낫는데 세수하고 나서 쑥 토너 쓰니까 유분기가 많이 없어서 좋아요 폼클렌징 사은품으로 왔는데 아직 못써봤엉요ㅜㅜ<br>#구매후기 #토너 #빠른배송 #착한가<em>격</em>,5
이거 완전 좋아요 이가격에 500미리 토너 두개라니 우선 <em>가격면에서 정말 착해요</em>닦아내는 용도로 사용하는데 부담없이 팍팍 쓸수 있어서 좋구요<em>향도 나쁘지않고 </em>건조함피부에 사용하기에도 부담없네요두통이나 있어서 당분간 스킨 걱정 안해도 되겠어요,5
<em>요거하난 맘에 들어</em>요 ㅎ 바디클렌져랑 같이 주문했는데 배송느려서 <em>완전 짜증 났거든요</em> 그런데 바디클렌져도 그냥그렇고 그닥 <em>맘에 안들더라구요</em> ㅠ. 다별루다생각할때 스킨을한번 발라봤는데 <em>상큼하고 향도좋고 </em>기분이 좋아지더라구요. <em>스킨은 정말맘에 들어</em>요,5
1+1자연약쑥진정토너500+<em>500 용량이 일단어마무시큼니다</em>.바를때 산뜻하구요오늘첨써봐서 효과는 그다지아직모르겠지만.화장솜에 듬뿍묻혀서 닦아내는용으로 쓰려고 구입햇네요.배송이틀만에 왓구요 사은품으로 주시는폼크린싱도  좋슴니다,5
<em>용량굿 가격굿 가격도 비싸지않고 </em>폼클은 쓰지않았고 스킨만 써봤습니다세안후 눈에 반짝이가 그대로 있ㅇㅓ서 요걸로 닦아내봤더니 깔끔하게 집니다 이걸로 원래 <em>세수후 닦아내는용도로 산거라 마구쓸수있는 용량이 참좋습니다</em>쑥냄새도나는거같고 아직 써도 트러블안올라오는거보면  순한듯도 합니다 스킨적셔 팩으로 해도 좋을듯 합니다,4
대용량에 이가격 실화입니까 일단 용량 어마무시합니당가격은 넘나착하고....냉장고에 넣어두고 솜에 듬뿍적셔 닦아주듯 바르는데 아들 넘 좋다하네요몇번 쓰지않았는데 붉은기 많이 가라앉았네요좋네요 재구매의사 200퍼입니당,5
쑥향 대용량 토너 찾던중에 진정 효과도있다고하여 시켜보았어요 ~ 세안후 화장솜으로 피부결정돈할때 사용하고 진정된다하여 화장솜에 적셔서 얼굴에 올려보았습니다.생각보다 산뜻한느낌은아니고 살짝 미끌미끌?한 촉감이에요.... 대용량이라 그냥 편하게쓰기좋은것같아요 ㅎ 재구매는 안할것같네요,3
진정토너 추천해요 처음에는 가격보고 구입했는데요<em>가성비 정말 짱이예요</em>!!민감성이여서 트러블이 자주 나는데  며칠 사용하는동안 트러블없이 피부가 더 매끈해진 기분이예요~쑥향 보다는 은은한 허브향으로 기분까지 편안해져요~배송도 너무빨랐고 <em>적극 추천합니다</em>,5
"좋아요오~~!! 1000ml <em>용량+ 폼클렌져 해서 12900원이라니 너무 싸게 사서 좋아요</em>^^ 오래 잘쓰겠어요 한번써봤는데 <em>괜찮은것같아요</em>! <em>향도 무난하고</em> 약간시큼하고 시원한향이에요. 아하,<em>바하 들어있어서 각질관리도 된다니까 </em>기대되네요",5
"두번째 구매 지난 번 언젠가 1+1 했을 때 샀었는데그땐 사은품으로 폼클렌징을 줘서 그것도 잘 썼어요. 제품은, 지성피부가 쓰기 무난한 닦토하디 좋은 토너고 사은품으로는 이번엔 선크림을 줬네요. 안 써봤지만 무난할 듯.근데 지난번에도 그랬는데 이번 제품 역시 제품 뚜껑 열면 중간 씰이 없어요. 얼굴에 직접 닿는 건데.. 좀 그래요.",4
<em><em>너무좋아요</em></em> 너무좋아요 <em>일단 은은한 향이 너무 좋구 알콜향은 적어요</em> 클렌징 워터로 쓰고 싶을정도...또한 굉장히 순해서 <em>눈이 따갑지 않아요</em> 토너로 닦아써도 될정도입니다 토너로 닦아내고 굉장히 촉촉해요 촉촉해서 너무 <em>기분이 좋아요</em>,5
<em>가성비 굳  싸고 </em>패키지도 깔끔하고 나쁘지 않아여그냥 세안후에 넘 건조하지않게 한번 슥 닦는 용도로 좋고아하바하 성분인 토너 찾다가 구매한건데 ㅇㅏ하바하가 모공에 좋ㄷㅏ함큰 기대 없지만 뭐 나쁘지 않으면 이가격에 선방하는거죵ㅎ,4
<em>써보니까 좋아요</em>. 처음엔 좀 쓰라리는듯했는데 그 뒤론 잘쓰고 있어요. 향도 약하게 나고 진짜 흥청망청 쓰는중인데 <em>양이 줄지를 않네요</em>. 같이 온 <em>폼은 진짜 좋아요</em>. 다쓰면 재구매하려구요. <em>소량으로도 거품이 풍성하고 향도 좋고</em>,4
<em>냄새도 좋고</em> <em>윤기있음</em> 대용량 토너 대부분이 닥토용 이라 알코올 냄새 많이 나거나 화한 느낌이 있는것들이 대부분인데 이 제품은 약간 오일리? 끝 느낌이 윤기도는 <em>그런 느낌이 있어서 건조한 요즘 쓰기 좋습니다</em>. 미스트처럼 뿌려도 건조하지 않구요 추천해요,5
아직 사용을 해보지 않아 모르겠지만 일단 용량에 한번 놀랍니다. 그리고 <em>향도 너무 좋아요</em>. 한달후기 꼭 작성해 볼게요.,4
<em>정말괜찮네요</em> 닦아내는 토너로 쓰려고 샀어요 <em>원래 각질제거도 아하바하로 했는데</em>. <em>이거 사용하곤 따로 각질 제거 안하고 </em>있어요.그리고.촉촉해서 좋아요! 듬뿍 적셔서 닦아내주고 다음엔 좀 더 비싼 토너로 레이어링 해줌니당ㅎ.ㅎ크,5
"용량깡패 토너 용량이 많고 <em>가격이 저렴해서 </em>구매 했는데, 가격대비 괜찮아요.스프레이통에 소분해서 미스트처럼 사용하고 있어요.<em>본래 용기가 커서 그대로 쓰기는 조금 불편할듯</em>.하지만 토너치고 가벼운건 아니라 바르고나도 건조하진 않아요~그리고 사진에는 없지만, 폼클렌징도 왔더라구요.아직 사용하던 제품이 있어서 아직 사용전이라 후기는 못쓸것 같아요.",4
우와 정말 혜자스럽네요 이가격에 원뿔원도 모자라서 폼클렌징까지 주셨어요 지금 막 씻고 써봤는데 솔직히 좋다고는 안느껴져요 특히 서비스로 주신 폼클렌징은 싸구려티가 ㅠㅠㅠㅠ 씻고나서 느낌이 구려요 그리고 에센스랑 다르게 스킨은 아무거나 써도 상관없으니까 뭐 ... 그냥저냥 잘쓸게요 ㅈㅅ,2
"와! 촉촉해지면서 <em>산뜻해서 정말 좋아요</em>.별 기대 안하고서 주문한 상품인데요,<em>피부가 촉촉해졌어요</em>. 아하 바하 성분 들어가면 가격이 비싼데도 착한가격입니다.주변에 알려야겠어요.화장품은 용기예쁘고 비싼 고가 브랜드보다도더 좋은 제품입니다.",5
"민감성 피부에 추천합니다. 저는 초초초 민감성 피부를 가졌어요. 좁쌀도 자주 올라오고, 마법 시즌에는 트러블도 자주 생기는 편이에요. 세안 후 닦아낼 토너로 여러 제품 사용해봤는데 요걸로 정착할 것 같아요. 큰 트러블 없이 깨끗해요!",5
"<em>순한토너 양이 엄청 많네요</em>~사은품으로 온 폼도 넘 좋구요.아직 몇번 사용하진 않았지만,순한것 같아요.<em>각질제거는 아직 잘 모르겠는데 7스킨법으로 해보니 </em>담날 확실히 촉촉한 느낌은 있어요~팩대신 화장솜으로 충분히 적셔서도 사용해보려구요.가격도,양도, <em>제품도 저는 만족입니다</em>^^",4
가격대비만족 가격이 싸고 스킨바른 입구밀봉이 안돼서 걱정하긴 했는데 <em>스킨 사용후 알러지같은건 없었어</em>요. 건조할 줄 알았는데 오히려 좀 미끈거리는 느낌? 사용감이 싹 상쾌하진 않은데 뭐 그래도 <em>가격이 싸서</em> 다른 불만은 없습니다.,4
확실히 <em>피지가 줄었어요</em>. 잘닦이고 <em>용량도 많고</em> <em>가성비가 좋습니다</em>.,5
정말 맘에드는 상품이네요. 전에 토너 검색했다가 우연히 알게된 제품을 사고 얼마나 유분끼가 많은지....토너보다는 세럼느낌이어서 너무 불편했는데....그 느낌이 싫어서 다시 검색하다가 알게된 이 토너는....<em>우선 너무 저렴한데</em>...<em>저렴하고 </em>양이 너무 많아서 기대도 안했었거든요.그런데 정말 제가 토너라는 제품에 바라던 딱 <em>그느낌으로 피부정돈이 되어서 너무 좋습니다</em>.<em>양이 많아서</em> 다쓰는데까지 제법 걸리겠지만...다쓰고도 재구매할생각입니다.,5
좋아요 이삼일 써봤는데 <em><em>괜찮은거 같아요</em></em> 어제는 너무 피곤해서 화장을 못지우고 클린징워터랑 이것만으로 닦고 잤는데 아침에 일어났을때 <em>얼굴이 환해</em>지는 느낌이었어요 아직 조금더 써봐야 겠지만 괜찮은거 같아요 <em>양도 넉넉해서 정말 좋구요</em> 담번에도 <em>이런 기회가 있다</em>면 재구매 할 의향이 있습니다. 제가격이 얼마인지 모르겠지만 다 써보고 좋아진게 느껴진다면제가격에도 살 의향이 있구요~<em>번창하세요</em>~~,5
"대용량으로 쓰기 좋은토너 우선 저는 지성피부인 20대 남성입니다.지성이지만 <em>속건성이 심해서 </em>유수분 밸런스가 자주 무너지는데 요 토너를 쓰고 수분은 채워지고,쑥 성분이 들어가서인지 좁쌀도 서서히 들어가더라고요 ! 저 같이 기름부자인 사람들에게 추천합니다.",5
<em></em><em>저렴한가격에 폼클렌징까지</em>... 박스가 커서 처음에 너무 놀랐네요그냥 토너 두갠데 <em>부피가 커서요</em>..ㅎㅎ저렴한 가격에 토너도 2갠데 폼클렌징까지 주셨네요.닦아내는 용으로 쓸거라 펑펑 쓰겠습니다. 향도 괜찮아요 잘쓰겠습니다 번창하세요,4
좋아요 각질제거 된다고 해서 주문했어요.  양도 많은데 한개 가격에 두개나 받고 사은품으로 선크림까지 받아서 더 좋아요.우선 어제 받아서 저녁에 한번 사용해봤는데 아직까진 좋아요. 더 사용해봐야 알겠지만 좋을 것 같아요,5
"용량대비 만족 성분도 좋은것 같고 피부가 좀 예민한 타입인데 트러블이 일주일 정도 사용해도 나타나지 않아 <em>저는 맘에 쏙 드네요</em>. <em>촉촉함도 좋구</em>요. 단,사용시 펌프가 있음 좋겠어요. ㅋㅋㅋ 많이 무거워요. 훅훅 나와요~그것만 개선되면 굿^^",4
강한 레몬향이 독톡하지만 대용량이라서 솜에 듬뿍 젖혀서 특히 저녁에 세안후 닦으면 티죤부위에서 노오란 피지성분이 잘닦여나옵니다.굿<br>아침에는 살짝 닦아주고 저녁에서 싹싹 닦는데 피부가 따끔거리고 그런거 없어요,4
자극적이네여 지루성피부염인데 산성제품이 잘 맞는듯하고 평이 좋아서 샀는데 쓰고나면 화끈거려서 잘 못쓰고 있습니다.. 아주 이따금 소량으로 쓰면 괜찮은데..양이 깡패라 그것도 두개.. 예민하신분들은 다른거 쓰시는게 나을거 같습니다..,2
그냥저냥 굿 연휴가 껴서 배송이 하루 늦어졌지만 금요일에 주문해서 수요일에 받았습니다. 제 피부가 별로 예민한 편은 아니고 그냥 호르몬 약 먹으면 얼굴에 여르름 몇개 나는 정도 입니다. 근데 토너를 바르니까 가볍게 발랐는데도 피부가 좀 따갑더라고요. 피부에 뭐가 나지는 않고요. 그래도 <em>기름은 확실히 잡아줍니다</em>. 토너를 바르고 화장을 하니까 역시 기름은 덜 생기네요. <em>기름종이를 쓸 일이 줄었습나다</em>. 전채적으로는 그럭저럭 괜찮습니다.,4
진짜 <em>양도많고</em> 저는 <em>냄새도 좋아용</em> 양도 정말 많고.. <em>냄새도 너무 제 스타일</em>!뒤늦게 써보고 후기 올려용~~저는 이거 쓰고나서 피부톤이랑 피부결도 뭔가 좋아진 느낌?다음 세일할때 제가 원하는 가격이면 두구두구 사서 사용할 예정입니당!세일 자주자주 해주세용~~!! 추천합니당,5
배송 빠르고 포장도 꼼꼼하게 잘 받았습니다. 한번밖에 못 써봤지만 <em>깔끔하고 시원하네요</em>,5
사용감은 음~ 그냥 워터에요..그치만 용량은~와우^^~끝내주네요ㅎㅎ 당분간 스킨 걱정없이 지낼거 같아요. 상품평에 다들 쑥향기가 난다고들 하는데 제코가 이상한건지 저는 알콜냄새가 강해서 그런지 <em>쑥향기보다는 카모마일이랑 우디 느낌이 더 강한거 같아요</em>. <em>어쨌든 잘쓰겠습니다</em>. 참 피부 많이 예민 하신분들은 한번더 생각해보시고 사시길 권유합니다.. 살짝 따갑네요^^;;;,3
<em>향도 넘좋아요</em>. 제가 사용하려고하는데  딸이  향이랑  스킨팩하기  넘 좋다고하네요.,5
<em>가격이 저렴해요</em> <em>가격이 저렴하고 </em>괜찮다길래 구매해봤습니다  처음며칠쓰니까 좁쌀이 하나씩 생겼었는데    이주일정도 사용하고나니 이제 안생기네요 적응했나봐요    전 원래 잘 안생기는데 좁쌀이 하나씩 생겼어요 예민하신 분들은 조심하셔야될꺼같아요  구매하는데 참고하세요~~,3
유통기간 길고 <em>가성비 좋고 굿굿</em>,5
닦토를 안썼었는데 이거 쓰고나서 <em>코에있던 화이트헤드가 많이 좋아졌어여</em> 필링으로도 잘 안없어졌는데 문지르면 피부자극때문에 안좋을거라 생각했는데 자극없고 오히려 <em>확실한 각질제거 덕분에 지금 피부가 한결 맑고 </em>깨끗하니 좋내요,5
가격에<em> 비해 <em>품질 너무좋아요</em></em><br>이가격에 팔아도 되나 <em>싶을정도로 아로마 향도좋구 </em>촉촉하고  양도 대용량이라 오래오래 쓰겠서요<br>Gs샵 나의 첫홈쇼핑  인데 언제나 실망시키지 않네요<br><em>좋은 상품 너무감사해요</em>,5
착한 스킨 가격/배송/<em>제품까지 매우 만족합니다</em><em>용량이 많아</em> 부담없이 쓸 수 있어요 굳굳!!!!저번에 구매해서 1개는 남친 줬는데 남친도 잘 써요앞으로 스킨은 이걸로 정착하려구요사은품으로 주시는 선크림도 좋아요~~앞으로 계속 평생 파세요제가 평생 살게요~,5
구매했다가 두개 다 주위에 뺏겨서 다시 주문하네요 써보고 좋으면 계속 구매하려구요,4
처음엔 찐득한가 했는데 흡수도 빠르고 좋아요,5
사용전이라서 <br>좋을것같애요<br><em>잘쓸게요</em>,4
"두번째 구매. 피부가 민감성이라 처음엔 좀 따가운 느낌이 드는데, 그냥 뚝심있게 사용하다보니 피부에 <em>최적화되고 수분 촉촉해요</em>. 퍼프에 듬뿍 적혀 목까지 닦아내고 있어요. 사진의 왼쪽은 다쓴 토너. 오른쪽은 새 토너~",5
"양이 엄청 나네요. 다른분의 구매평에서 본대로 용기를 덮는 포장은 없어요. 즉, 뚜껑열고 바로 사용할 수 있게 포장되었네요. 포장에 민감하신분은 살짝 찜찜하실수도 있을 듯 해요. <em>양이 엄청 많아서</em> 듬뿍듬뿍 써도 될거 같아요. 배송은 지난 금요일오후에 주문했는데, 어제 도착했으니 빠른편은 아닌거 같아요.",3
무난하게 스킨 케어하기 좋아요~,5
<em>맘에 들어</em>여 하나도 용량이 큰데 하나 더 줘서 좋고폼클렌징도 생겨서 너무 좋구요.. <em>향도 좋고</em>기능은 머 다른 스킨하고 마니 다른거 같진 않은데 위치하젤로 스킨팩 할때보단 촉촉하고 좋아요갠적으로 저는 자연약쑥 진정토너가 피부에 더 맞아요~ 많이 파세요~,4
<em>착한 가격</em>에 빠른 배송 감사합니다~^^,5
<em>저렴한가격에 짐승용량이라 넘 좋아요</em>^^ <em>보습력도 적당해요</em> 잘사용할께요~,5
후기가 좋아 구매했는데 <br>가성비 좋네요  ^^<br>적당히 촉촉해서 산뜻하고 <br><em>향에 민감한 저는  발향감이 길지 않아 좋았습니다</em><br><em>재구매 의사 있습니다 </em>~,4
약간 따끔할수 있어요~ 제 피부는 민감성 수분부족형 피부입니다.순하며 짐승용량에 혹하여 구매했습니다.받아본 결과어마어마한 짐승<em>용량 + 정품용량의 폼클렌징구성이 매우 마음에 들었습니다</em>.토너는 물 같은 재형입니다.저같은 경우에는 분사형 빈통에 넣어서 닦아내는 용도로 사용하고 있습니다.<em>각질탈락성분이 들어 </em>있어서 그런지뿌리고 나면 피부가 약간 빨개지고 간질간질한 느낌이 있습니다.완전완전 순한거 같지는 않아요.ㅋㅋ,4
"빠른배송, 대용량이라  각질나고 <em>피부에 흡수 잘되어 사용하기 좋아요</em>",4
아직써보진 않았지만 <em>용량도 크고</em> 쓰고 좋을것같아서 구매했습니다!,5
너무 대용량이라 행복하네요 이번여름 잘 쓸거같아요 !<br><em>가성비 킹왕짱이네요</em><br>감사합니다,5
<em>양이 많아서 닦토로 쓰기에 좋아요</em>.<br>근데 화장솜에 묻히면 너무 쏟아져서 흘리는게 많아요.<em>트러블은 안 생기네요</em>.,5
순할줄 알았는데 저는 살짝 따끔하네요,4
첫 구매입니다 <em>가격대비 무난하네요</em>,3
용량이 거대하네요 <br><em>와우 잘 쓸게요</em>,5
<em>늘쓰던거예요</em><br>다쓰고 재주문합니다,5
"<em>저렴하게 잘 샀네요</em>! 아침 저녂으로 세안 후에 화장솜에 토너 덜어서 피부 결 정돈하고있어요!순해서 좋고 화악 날아가는 토너가 아니라 촉촉한 느낌이라 토너로 결 정리하고평소 쓰던 에센스, 로션 바르고 있고요. <em>각질 제거에도 도움 되는 것 같아요</em>. 대용량에 가격도 저렴하니까 완전 만족입니다.재구매 의사 있고, 요즘 유행하는 7스킨 하기에도 좋은 것 같아요~",5
<em>토너 저렴한 가격에 1</em>+1이라서 구입했구요지금 두달 다 되어가는데 아직 한통 못썻어요좀 닦을때 알콜 ?? 느낌이 많이 나는것같구처음 왔을때 토너 용기 자체가 밀봉이 안되어있기도 해서 좀 꺼려지기는햇는데그냥 쓰고 있기는 합니다 제 피부에 맞기는 한것같아요<em>용량 많아서</em> 아낌없이 씁니다,3
"프레쥬 자연약쑥 진정토너는  순하고 촉촉한  토너입니다. <em>항상 사용하는 토너라 재구매로 다시 구매했는데</em>, 대용량으로 잘 사용하고 있습니다. <br>사용할때 마다 만족하는 토너입니다. <em>구매 만족합니다</em>.",5
<em>향이 강하지않고 </em>은은하면서<em>  양도 많구 </em><br>화장솜에 듬뿍 묻혀 닦아내기 좋아요~~,4
잘 받았습니다! 스킨팩하려고 샀는데 제 피부엔 쪼오금 자극이 있는거 같아요. 그래도 트러블 나거나 하는건 없어서 그냥 쓰고있어요! 담엔 같은 회사 다른 제품 사보려구요!,5
촉촉하고 가벼워서 쓰기좋아요,5
자극업이  촉촉하니 좋아요,3
지금까진 꽤 괜찮은제품 제품 받고는 바로는 못써보고. 요새 갑자기 <em>피부가 하얗게 일어나고 각질도 많고</em>해서 써봤는데요. <em>와진짜 화장솜에 뭍여서 두번 닦아줬더니 피부가 부드러워졌어요</em>. <em>각질도 벗겨진 느끼이고요</em>.제가 피부가 예민한데 따가운거없이 순한거같더라구요. 앞으로 꾸준히 써볼예정이예요.,5
자극없이 아주 순하고 <em>향도 부드러워요</em> 더위에 계속 피부가 들뜨고 건조했는데 요즘 이 스킨쓰면서 많이 촉촉해졌어요 일단 알콜이 안들어가니 당김도 덜하고 세안 후 7<em>스킨법으로 자주 발랐더니 촉촉함이 남다르네요</em>~! 대용량제품 1+1로 득템했어요~!,5
아직 사용전 쿄ㅏㅓ핗ㅇㄹ하ㅓㅣㅡㅕ쿄묘ㅑ리ㅕㅗ곳아피ㅗ추ㅠㅣ로마ㅕ히ㅚ햐죠4내7ㅛㅔㅙㅗㅑ요져래ㅘㅓㅣㄱ져헤ㅓㅣㅓㅣㅎㅅ묘리ㅠㅏ춈ㅅ내히ㅗㅗㅇㅅ어하ㅘ료기ㅚㅓㅑ매ㅚㅐ햐ㅔㅔㅓㅑㅇㅅ여ㅗㅔ퍄ㅙㅏㅔㅓㅑ료뇨ㅗㅔㅏㅣㅓㅛ려,4
<em>향은 약간 진한듯</em><br><em>용량 많아요</em><br>보습은 보통이에요<br>오래 쓸듯,4
피부가 민감해서 아팠는데 싸보니깐 좋아요 추천해요,5
<em>용량도 크고</em> 닦토용으로 산뜻하니 좋아요!,4
대용량에 딸이랑 함께 써요~~굿~~~,5
<em>순한거 같고 가성비 최고예요</em>!,5
잘받고 사용중입니다~,4
후기가 좋아서 사봤는데 생각보다 훨씬 좋아요~ ^^,4
토너는  보통이예요..닦토용이라 큰기대는 없구요..앰플은 화이트닝 앰플인데  24년10월4일까지네요..<br>저는 더마앰플 받길 원했는데 <em>실망입니다</em>,4
인진쑥에 대해선 다 아시죠?<br><em>저렴하게 구입했어요</em>.<br>화장솜도 준비하려구요.^^,4
피부에 트러블이 있고 그런건 아니여서 트러블케어는 잘 모르겟는데 대용량이라 구매했어요 <em>잘 쓰겠습니다</em>,5
정말 촉촉하니 좋아요  <em>가격도 너무 만족합니다</em>,5
"다좋은데 두가지, 향이 쑥향이 아녀요~~ㅜㅜ<br>뚜껑은 사용이편한 기존 통에 넣어써요~",4
처음 사용해 봅니다. <em>양도 넉넉하고 </em>좋아요,5
<em>저렴한 가격에 평이 좋아서 </em>구매했어요.,5
지금 잘 받았습니다.아직 안 써 봐서 잘 모르겠고 바로 개봉 해서 향을 맡아 보니 한방 향이고손등에 발라보니 향은 바로 날라가서 무향 같네요.<em>양이 많아서 넉넉하게 쓸꺼 같아요</em>.<br>지성인데 트러블 없겠지요!?,5
"4일 째 사용중입니다 ㅎㅎ 장바구니에 넣어 놓은채 다른거 보다가 밤 12시 넘으니까 할인적용이 안된 채로 있더라구요 ㅠㅠ다음 기회에 사야하나 고민하고 있었는데 다음 날 저녁쯤인가? 다시 할인가가 적용이 됐길래 바로 구매했습니다. 물론 전날 할인가보다는 조금 더 비쌌지만요 ㅎㅎ도착하자마자 사용했는데 우선 <em>향은 무난합니다</em> ㅎㅎ <em>용기가 불편해서</em> 클렌징워터 빈용기에 담다가 손가락에 흘렸는데 미끌? 하더라구요 ㅎㅎ뭐지, 생각했던 느낌이 아닌데? 하고 <em>실망하다가</em> 얼굴에 사용했습니다.찐득거린다는 구매평처럼 처음에는 조금 찐득?하다가 흡수 시켜주니 뽀송해 지더라구요 ㅎㅎ건조할 때만 <em>각질이 일어나는 체질이라 각질 좋아진 거는 잘 모르겠어요</em>  ㅎㅎ계속 써봐야 할 것 같습니다 ㅎㅎ",5
두번째구매에요 닦토로 좋아요,5
<em>은은한 쑥향이 좋아요</em>,5
"사실 토너는 닦아내는 용도로만 쓰는거<em>라 그냥 싸고 양 많은 걸로 사는 편이라서</em>, 이번에도 별 기대없이 구매했는데 오오 뭔가 다른 화장수로 닦아낸 직후엔 엄청 당기고 금방 건조해졌는데, <em>얘는 사용 후에 촉촉함이 남아있어요</em>. AHA성분 때문인지 눈가쪽 닦아내면 따가우니 사용에 주의하시고요. <em>재구매의사 있습니다</em> 많이 파세요~",5
"향이 좀  오래가는편이네요.<br>욕실에서 딸들과 닥토로 사용하는데, 가성비 좋고 계절에 맞게 잘 선택한듯요",5
<em>쵝오</em>! 1+1 으로 구매를 하게되었는데요 지금 4달쨔인데두 한통다못썼어요 ㅎㅎㅎ 완전 대용량으루 좋아요 항상 씻구 토너해주는데 <em>향두좋구 순하구 너무좋은것같어요</em>♡♡<em>피부진정두되구</em> 깔끔하게 <em>마무리하는기분이어서 토너루 딱좋아요</em>♡남아있는 화장까지 다 말끔히지워주구 젛아요♡,5
젤처음 사서 썼을때는 <em>냄새가 너무 독해서</em> 힘들었었는데<br>의외로 <em>엄마는 잘맞는다고 좋아하시네요</em>   피부타입에따라 다르겠지만<br>엄마는  샤워후 스킨을 쓰시나봐요<br><em>촉촉하다고 좋아하시네요</em>,4
촉촉하네요 <br><em>양도 많아 듬뿍 쓰네요</em>,5
그냥저냥 <em>만족하면서</em> 써왓던거 재구매해서 쓰고 있습니당~~~,4
"<em>보습도 잘되고</em>, 촉촉하니 좋아요.<br>닦토 스킨으로 쓰려고 구매",5
그냥 무난한것 같습니다<br>재구매는 생각해봐야 할것같네요,4
재구매입니다. 전에 구매한 용량이 얼마 안 남아서..<br><em>세안 후 피부 각질정리용으로 쓰는데 </em><em>쑥향도 좋고 </em>용량도 넉넉해서 <em>맘에 듭니다</em>.,5
<em>알콜 냄새는 없어서 좋았어요</em>.<br>진정효과도 나고 <em>쑥냄새가 좋아요</em>!<br>근데 벌컥벌컥 쏟아져서 조심해야해요~,3
배송 빠르게 잘 받았어요<br>스킨팩할거에요,4
엄마 사드렸용 엄마가 스킨 없다고 해서 인터넷 검색하다!!두둥 할인 이벤트 하는 고퀄스킨 발견바로 3세트 구매 했어요배송 받자마자 바로 사용해봤는데요정말 촉촉하고 속당김이 없더라구요그리고 사은품으로 주신 폼클렌징도 대박!!다쓰고 따로 구매 할생각 입니당,5
좋네요 우연히 지나가다 광고보고 후기가 너무 많길래 반신반의하면서 시킨 제품인데요500ml + 500ml에 폼클렌징 9900원에 사서 싼게 지떡이라고 이상할까봐 걱정했는데 첨엔 아주 약간 <em>따갑더니 그담날부터는 괜찮아요</em> 토너 하고 팩도 해줬더니 <em>담날 화장이 진짜 잘먹네요</em> <em>재구매 의사 있습니다</em>,5
아직사용전입니다.<br>또한 올릴께요,5
오늘에야 제품을 받았습니다.<br>예전에 사용을 하던 제품을 이번 기회에 다시 구매를 하여 사용을 하게 되었네요!<br>예전의 그 느낌을 체험 해볼까요 ㅎ,4
<em>용량 가격 가성피 짱입니다</em>. 정말 깨끗하고 <em>용량도 많고 가격도 저렴하고</em>가성비갑인 제품입니다.솔직히 토너 거의 막사용하게 되는데 이제품은 한번사다놓으면 아주 넉넉하게마음 편하게 사용할수 있는 제품인것 같아요추천합니다.,5
굳~ <em>가성비 좋구요</em>. 받자마자 써본 <em>결과 자극없이 각질 정돈이 잘되는것같애요</em>. 피부가 얇고 예민해서 화장품을 좀 가리는 편이거든요.다만... 용기가 너무 뚱뚱하고 <em>펌핑용기도 아니어서 불편하네요</em>. 펌핑기 달린 다른 공용기에 담아 써야할듯해요. 1+1이라 엄청 오래 쓸것같애요.,5
☝️☝️추천 배송이 좀 느렸고 제품 상자가 다 구겨져서 와서 <em>조굼 아쉽네요 </em>ㅜㅜ 그래도 <em>상자 뜯어보니 제품은 깨끗한 상태여서 괜찮습니다 </em>!!!! <em>가격대비 정마루좋아요</em> ㅎㅎ 향도 쑥향인데ㅜ<em>제가 쑥향 좋아해서 </em>더 맘에 듭니다 !!,4
대용량에 다 좋은대 ㅠㅠㅠ 대용량에 칼배송에 다 좋은대 ㅠㅠ제피부가 예민한 트러블 피부라서 약산성과는 안맞아 봅니다화끈거리네여 ㅠㅠㅠ적응기인가 싶어서 사용하다가 3일째에 안되겟다 싶어서 사용중지햇서요속상하지만..ㅠㅠㅠㅠ저랑 안맞나봅니다,3
<em>늘 사용하던 거라 만족해요 </em>!! 가볍고 흡수도 잘됩니다!,4
"완전 좋아요 <em>워낙 저렴하기도 하고 </em>평도 괜찮길래 막 쓰는 스킨으로 쓸 만하겠지, 순하기만 하면 된다,, 하는 생각으로 구매했어요. 남들 다 순하고 좋다는 스킨도 피부 적응할 때까지 좀 따갑기도 하고 민감한 피부에요. 근데, <em>완~전 대만족입니다</em>. <em>향도 좋고 </em>촉촉하고 순해요. 피부가 참 편안합니다. 클렌저는 아직 안 써봤지만 스킨이 워낙 <em>마음에 들어 또 구매할 생각이에요</em>.",5
용량이 대용량이라 막 쓸 수 있을거같아요 요즘 유행하는 토너워시도 쓸겸 막 쓰려고 대용량 토너 찾았는데 <em>가격도 좋고</em> <em>토너도 괜찮은거같아요</em> 사은품으로 온 폼클렌징 기대 안했는데 써보니 안에 뭘 갈았는지 내용물이 있네요 천연이었나봐요ㅎㅎ 갑자기 피부가 뒤집어지고 난리났는데 빨리 진정되고 좋아졌으면 좋겠어요!,4
대용량이라 씻고 몸에 바르는 용도로 구매했어요 <br>더워서 바디로션은 못바르겠고 토너가 딱이네요 <br><em>용량도 많고</em> <em>촉촉한 느낌도 들고</em> 흡수도 잘되고 좋아요,5
냄새 괜찮고 <em>촉촉하게 스며들어서 너무 좋아요</em><br>이 가격에 이 용량이면 진짜 최고예요!,4
<em>가성비가좋아 편하게 쓰기 좋아요</em>,4
평이 좋아 사봤어요 좀더 써야 알거같아요<br>순하고 <em>향이 너무 좋네요</em>,4
<em>용량이 많아서</em> 클렌징솜에 듬뿍 적셔서 사용하기에 좋아요~,4
<em>항상 쓰는 제품입니다</em>!<br><em>이거 진짜 좋아요</em> <em>자극도 없도 각질케어도 잘되구요</em>~<br>향도 자극적이지 않아요<br><em>닦토로 정말 제격입니당</em>,5
"너무 좋아서 한 번 더 구입해요 ㅎㅎㅎ 구입 전 끈적하다, 따갑다는 구매평을 보고 망설였지만 대용량에 반해 구입했었습니다.처음 썼을때는 끈적거리는 것도 맞고, 살짝 따가운 것도 맞았는데요,왠걸, 쓴지 2주나 되서야, <em>제가 각질제거를 하지 않고 </em>있다는걸 알았어요 ㅎㅎ저는 여름에는 각질폭발인 사람이거든요 ㅎㅎㅎ 완전히 각질이 없어지는 건 아니었지만.스크럽제를 쓰지 않아도 될 정도로 각질이 정돈되는 건 맞아요 ㅎㅎㅎ저한테 맞는 것 같아요 ㅎㅎ그래서 세일 끝나기 전에 한 번 더 구입했습니다 ㅎㅎㅎ다 쓰고 또 구입할 예정이에요 ㅎㅎ",5
사용해보고 <em>만족하여</em> 재구매합니다,5
사용하니 <em>피부결도 좋아지고</em> <em>용량도 많아서 좋아요</em>. <em>가격대비 짱이에요</em>~,5
대용량이라 좋아요. 순해요. 당연하겠지만 피부자극 있는상태에서 사용하면 약간 따가울순있는데 평소에 사용할땐 순해요배송도빨라요아직 일주일정도밖에 안 돼서 각질제거 효과가 있는지는 모르겠지만 그래도 나쁘진않은거같아요피부 예민해서 아무거나쓰면 얼굴에 뭐가 나는데 이건 안그래요,3
<em>가성비 굿</em>. 향도 굿,4
ㅋ 싸다고 샀는데<br><em>써보니 좋으네요</em><br><em>용량이 커서</em> 충분이 아끼지 않고 쓸수 있어서 더욱더 좋구요<br><em>착한가격으로 맘에 드는 제품</em> <em>구매해서 만족합니당</em>~~^^,5
<em>수분토너 중에 최고라 생각합니다</em><br>대용량이라  세안후 부담없이  2번정도<br>바릅니다  <em>쑥향기도 나고 향이 좋네요</em><br><em>가격은 저렴하지만  성분은  고급토너</em>(스킨)입니다,5
추천합니다 <em>용량도 낭낭하고 굉장히 좋아요</em>. 평소에 7스킨을 하는데 <em>요즘 각질이 올라와서인지 흡수가 안되더라고요</em>. 이건 알콜이 함유되어있어서 7스킨용도는 아니지만 먼저 이걸로 닦아내고 <em>무알콜토너 흡수시키면 피부도 촉촉하고 </em>탱탱하고 화장도 잘먹고 블랙헤드도 관리되네요. <em>강추합니다</em>,5
<em>저녁에 비누세안후 닦토로 쓰려고 양많은걸로 구매했어</em>요. <em>양이 정말 많네요</em>.,5
커서좋은데요보통인것같아요오랜동안사용할것같아요,3
스킨 양이 이렇게 많은제품은 첨이네요~~<em>향도 괜찮구요</em>  <em>양이 많아서 아낌없이 쓸수 있어 </em>더 좋아요 <em>얼굴도 촉촉해진거 같아요</em>,5
다른거 구매하시길 <em>용량은 많아요</em> <em>펌프가 없어 아쉬워요</em>,5
토너는금방사용하<em>는데 <em>용량도크고</em>저렴하니좋아요</em>,4
잘 받았습니다.....<em>양도 넉넉하고 </em><em>맘에 드네요</em>..,5
양도 많고 <em>쑥향이 나서</em>. 좋아요 추천합니다  ^^,4
<em>저렴하게잘샀어요</em> <br><em>양도 많아서 더 좋아요</em>,5
촉촉하고 <em>대용량이라서 너무 좋아요</em>~ 원쁠러스원으로 싸게 구입했네요 ㅎㅎㅎ,5
두번째 구매입니다.<br><em>알러지와 성인 여드름 달고 </em>사는데 피부 진정에 탁월합니다.<em>재재구매 의사 있어요</em>~,5
향도 괜찮고 <em>양도 많고 굿입니다</em>,4
솔직히 쑥향은 별로 않나네요.,3
피부가 예민한데 아주 좋아요,5
이제막사용 닦아내는거지만 건조하지않아요약간 <em>세럼같은 사용감이라서 각질제거거 잘된다고</em>해서 샀는데 사용해봐야알겠죠<em>통이 약간사용하기 불편하긴해요</em>눌러쓰는거면 좋은데 용량도 큰데 무거움<em>가격대비 양은 정말많아요</em>,3
생각보다 엄청 촉촉해요,5
상품평 보고 구매했는데   제 개인적으로 <em>기대이상은 아니고</em>  약간 따가운듯 하여 <br>가볍게 닦아내는 옹도로 사용합니다,3
저렴하게 막쓰기좋은데 <em>향은 좀강해서</em> 호불호가 있겠어요 대용량 1+1이라 넉넉히 잘쓸것같아요 닥토로 추천해요,4
유분이 많은게 좀 아쉽지만.. 짜연 쑥성분이라 믿을 수 있는 것 같아요.. <em>저렴한 가격에 양도 많고  가성비는 갑이네요</em>...괜찮은 듯...,4
2년째 늘쓰는 스킨이에요 이건 <em>가격이싸면서 보습이잘되고 피푸에자격도없고 </em>남편랑같이쓰고있네요,5
<em>양많고 향도좋고 </em>나쁘지 않은듯 미스트 통에 넣어서 스킨겸 미스트처럼 막뿌려요  화장솜에 묻혀 <em>팩도하고 양이 많으니 실컷 쓰고</em>있어요,5
세안후  피부 정리용으로 구매했는데 <br><em>용량도 넉넉하고 향도 좋고</em><em>  맘에들어</em>요,5
재구매입니다~<br>닦토로 쓰고 있는데 <em>용량도 크고</em> <em>착한 가격으로 잘 썼어요</em>~<br><em>다음에 또 구매하러 올게요</em>!! 긋!,5
<em>용량이 넉넉해서</em> 화장솜에 듬뿍 묻혀 사용해요. <em>피부 정돈이 잘 돼요</em>,5
딱아내는<em>용도로 쓰는데 괜찬아요</em>.  다른제품 갈아탔다가 다시구입.,4
할인할때 샀었는데.<em>양이 많아서</em>. 1개는  저희 친정엄마 드렸었는데...다썼다고 다시 주문해주라고 하셔서 할인도 될겸 쟁여봤어요 ㅎ <em>같이 주신 사은품도 감사합니다</em>. <em>다써보고 좋으면 또 재구매할께요</em>~,5
재구매에요 <em>피부에 자극없이 적당히 촉촉한 느낌이 좋아요</em>,5
<em>1+1  너무 좋아요</em>! 수분촉촉  항상 이용하고 있어요',5
사은품 넘감사하고요 <em>이제품 가성비짱이에요</em> 좋아요,5
배송도 빠르고 쿠폰사용해서 <em>저렴하게 구매했습니다</em>,5
<em>양도 넉넉하고 </em>닥토로 사용하는데 <em>너무 좋습니다</em>~,5
촉촉하고 부드럽게 잘 닦이네요.<br><em>용기는 불편해요</em>.,4
<em>괜찮습니다</em><em>그냥쏘쏘</em>....초반엔안맞아서트러블이,4
<em>용량이 많아</em> 닥토용으로 사용하고 있습니다 ^^,4
용량이 어마어마 합니다 마음껏 쓰고있어요 <em>흡수력도 괜찮고 향도 은은하고 </em>좋아요,4
<em>대용량 너무 만족해요</em><br>찬구한테도 선물햇네여,5
편하게 쓰기 좋은 토너에요 <em>재구매 의사 있음</em>,4
처음사용하는 것인데 <em>각질제거가 잘 되겠죠</em>!,5
<em>괜찮아요</em> <em>여드름피부에좋다해서</em>써보려고요,5
"<em>향도 좋아요</em>! 흡수 잘되고, <em>피부 촉촉합니다</em>",5
<em>용량도 크고</em> <em>저렴하게  잘구매한거같아요</em>~,5
<em>양이 많아서 펑펑써도 줄지가 않네요 </em>ㅎ,5
<em>가성비 짱이요</em>.<br>포장도 꼼꼼히 왔네요.,5
.<em>늘 쓰는 제품이에요</em> 3개라 더 좋네요,5
<em>항상 쓰는거라 이번에도 주문했어</em>요,5
<em>향도 은은하고 </em>좋아요<br>재구매입니다<br>같이 보내<em>주신 사은품도 잘 쓰겠습니다</em>,4
내 화장대에 없어서는 <em>안될 필수템</em>,5
<em>양도 많고 여름에 부담없이 좋네요</em>,4
<em>향이좋으네요</em><em>잘쓸게요</em>감사합니다,5
<em>향도 은은하고 </em>좋아요~<br>그런데 <em>쑥향이 아닌 <br>오렌지류 과일향이 나네요</em>~ㅎ<br>촉촉해서 자주 애용하네요~,5
<em>가성비 좋아</em> 닥토로 사용합니다,5
<em>향기 좋고 진해서 </em>더욱좋아요,4
<em>향이 좋아서 </em>잘 쓰고 있어요,4
<em>가격도 저렴하구 넘 좋네여</em>,5
<em>닦토로 쓰기 너무 좋아요</em>!,5
<em>저렴한가격에 구매했는데 생각이상으로 좋아서  만족합니다</em>.ㅎㅎㅎ,5
<em>향이 부드러워서 좋아요</em>,5
매우좋습니다. <em>냄새도굿</em>,5
<em>향이 상쾌해서 </em>좋아요,4
<em>가성비 최고 촉촉해요</em>,5
향이 좀 계속 맡다보면 좋은향이 아니라 곰팡이  냄새같이 좀 그런데..   그거 빼고는 좋아요<br>대용량에 두개씩이나 여름에 냉장고에 넣어두고<br>쓰려고요 스킨로션 바르기 귀찮아서ㅎ,5
바하토너 바디용으로 쓰려고 <em>주문했는데 대용량 2개 저렴해서 한개는 선물했는데 </em>지금 쓰고있는것도 다쓸려면 아직 멀었네요 얼굴에도 사용하려고 공용기에도 덜어쓰고 클렌징폼도 주셔서 구성도 좋습니다 <em>향도 상쾌하고 </em>얼굴도 좀 밝아지고 <em>코 턱 블랙헤드도 옅어지고 </em>기대이상으로 만족중입니다옥션 안드로이드 앱으로 작성,5
<em>양이 대따많다</em>,4
트러블은 원래 없어서 잘 모르겠고 촉촉해요. 냄새는 약간 자몽향 같이 톡 쏘는 <em>강한 향인데 저는 좋아요</em>. 동물실험 안 했대요! 많이 구매해주세요.,5
<em>이벤트로 샀더니 사은품도 주고 </em>저렴하게 잘샀습니다,5
빠른배송 감사합니다<br><em>양도많고 향도 쑥향이라</em><br>좋아요,4
<em>저렴한 가격</em>에 비해 대용량에 <em>세안 후 화장솜으로 닦아내는 용도로 사용하는데 촉촉하고 좋아요</em>~,5
여드름이 많은편인데 친구가 추천해줘서구입해봤는데 일단 행이나 발림성 나쁘지 않네요,5
상품평 보고  구입했어요. <em>향이 나쁘진않구요</em>. 대용량이라 부담없이 쓸수 있어요. 유통기간 24년3월  아주  넉넉해요,5
<em>향도 은은하고 </em>괴물용량에 건성인 <em>제피부에도 촉촉하니 가성비 짱이예요</em>^^<br>많이파세요!,5
얼굴 자주 닦을 맘으로 구입했어요 살짝 열어보니 <em>향은 산뜻합니다</em>아직 사용전이에요,4
<em>쿠폰으로 저렴하게 구입 했어요</em> <em>쑥향도 좋고 </em>화장솜에 젹셔서 냉장고에 보관해서 시원하게 진정팩 하려고요,5
빠른배송 만족스러운 가격에 4점 드려요<br>한달후기로 제품 어떤지 알리러올게요~,4
딸내미 여드름땜에 샀는데 효과가 있었음 좋겠어요. <em>향은 강하지않아서 좋아요</em>,4
"가격할인행사때마다 계속 구매하고있어요<em>용량크고</em> 사용시 시원하고 끈적임적어서중딩딸이랑 같이 아낌없이 사용해요,",5
여름에 부담없이 전신에 발르니까 시원해서 너무좋게 잘바르고 있습니다^^,4
처음 구매하고 아직 사용전이라 잘 모르겠지만 좋을것으로 기대해 봅니다.,4
엄마께서 토너 필요하다고 하셔서 샀어요. 어떤지는 담에 여쭤볼게요^^,5
양은 두말 할 것도 없고 향이 좀 독특해요ㅎㅎ쑥향은 아니고 레몬향 같기도 하고..그런데 <em>그 향이 개인적으로 나쁘지 않아요</em>ㅎ,5
"피부진정에 각질관리까지, <em>대용량에 가격도 저렴하니</em>, <em>대만족입니다</em>.",4
배송도 빠르고 저렴하게 구입했는데 용기에 <em>이물질이 묻어있네요</em>,4
화장솜에 토너 쓰니 예민성 피부인데 자극적이지 않아 좋아요^^,5
요량이 크고 아직써보지는  않았지만 상품평이 좋으니까,5
구매확정 했어요~ 우연히 인터넷 보고 산건데 다른것보다 약산성 토너인게 가장 끌려서 구매해봣어요. <em>진정에 각질제거 효과까지 있다니 </em>기대중이용~ 아까 한번 써봣는데 살짝 싸한 느낌은 잇었는데 별다른 자극은 없는것 같아요~ <em>짐승용량에 가격 저렴해서 </em>마구마구 맘편히 써보게요~~ !,4
<em>저렴한가격에득템했네요</em> 써보고좋으면 재구매하려고요,5
두번째 구매에요! 가족들이.다 사용하고 있는데 좋아요!,5
<em>담에 또 재구매 할게요</em> 언제나 건강하시고 행복하세요,5
촉촉하고 <em>향기가 참 좋네요</em> .<em>재구매의사 있습니다 </em>.,4
<em>향이 은은하고</em><em>  양도 많아 부담없이 팍팍 쓸거예요</em>,5
양도 많은데<em>  향도 은은하고</em>순해서  재구매했어요,5
좋네요. 흡수짱. 순하고 <em>향도 좋음</em>.<br>재구매 할께요,5
식구들하고 함께 쓸려고<br>대용량으로 구매했어요,4
닦아쓰는 토너용으로 삿어요 <em>너무 조아요 </em>ㅋㅋ,5
배송빠르고 <em>양도 넉넉하고 </em>향기도 은은하네요,5
<em>가성비 갑</em>!!!<br>바디 미스트로 사용해도 좋아요~~,5
<em>향도 좋아요</em> 워낙 민감성이라서 트러블이 생길까 걱정이지만 <em>산뜻하고 향도 좋고 </em>굿,5
<em>화장솜에 잔뜩묻혀서 팩해봤는데 조으네요</em>,5
사용전입니다. <em>용량이 많아</em> 구매해봤어요,5
<em>매우 만족스런제품이라 매일사용합니다</em>,4
화장솜이용해서 간편하게 쓰고 있어요.,5
<em>가격대비 용량도 많고</em> 잘쓰고 있습니다,5
<em>쑥 냄새도나면서 보습이 좋은편입니다</em>,4
<em>쑥향 괜찮구요</em> 가성비는 괜찮으나 촉촉하진 않은거 같네요 여름에는 쓸만해요,3
<em>가격대비 너무 좋고</em> 촉촉해서 좋아요,5
<em>향도 은은해서 </em>좋고 순한거 같아오ㅡ,3
무난합니다  <em>가성비가 좋은것 같아요</em>,5
촉촉하니 좋아요~<br>온가족이 사용해요,5
<em>향도 좋고 </em><em>양도 넉넉해 만족합니다</em>,5
그냥 <em>싼맛에 여름에 막쓰기 조아요</em>,4
늘ㅡ사용하는 거예요 <em>넘 좋아요</em>^^,5
<em>양도 많고 좋습니다</em> 많이 파세요~,5
흡수력 좋와요 쑥토너 처음인데..,4
<em>향도 너무 좋고 </em>촉촉하니 좋아요,5
가격만족.<em>양이많아서 좋네요</em>~~,5
오늘상품 배송 받았어요 배송은 빠르네요 <em>용량이 크네요</em> 다아 사용하면 재구매할께요 수고하세요,5
대용량이고 <em>저렴해서 좋아요</em>,5
가격이 저럼해서 <em>만족합니다</em>,4
냄새가ㅜ<br>저한테는 안맞아요,4
잘 받았습니다.샘플 감사요!,5
<em>저렴하게 구매햇어용</em> ㅎㅎ,4
<em>용량크고</em> 저렴해요 좋아요,5
배송도 빨랐고 <em>만족합니다</em>,3
<em>가격싸고 향기도 좋네요</em>.,5
<em>가격대비 마음에 듭니다</em>,4
<em>괜찮음</em><br>가성비측면에서..,4
용량이어마머마하네요..,5
<em>가격저렴하고 넉넉해요</em>,5
배송 상품 <em>만족합니다</em>.  계속 쓰는제품 입니다.  오래 쓸수 있어서  좋아요,5
<em>가격대비 적당히좋음</em>,3
잘 사요하고 있어요,3
<em>향도 맘에 들어</em>요,5
<em>양도 많고 좋네요</em>,4
잘 사용중이예요,4
<em>늘 사용합니다</em>.,4
사용전 저렴~,5
피부에 닫는 <em>은은한 쑥향기로  피부 진정도 느낌도 좋아요</em>.. <em>양도 많아서 듬북듬북 솜에 얻어서 </em>피부에 시원함을 주고 있어요.,5
배송빠르고좋아요 배송빠르고좋아요 배송빠르고좋아요,5
<em>가성비 좋음</em>  <em>용량이 완전 대용량이라 좋구요</em>~ <em>저렴하게 구매해서 </em>닦는용으로 마구마구 잘 쓸것 같아요^^아쉬운점은 아주 순한건 아닌것 같구 개인적으로 <em>향이 좀 강한편이라</em> .. 적응하면 괜찮을 듯 합니다~<em>악건성이나 민감한 피부는 성분 꼼꼼히 따지는게 좋을 것 같아요</em>.,4
대용량이라 재구매해가며 팍팍 사용 중입니다.<br>가성비 갑인 제품입니다.,5
잘받았습니다.<br>부담없이 막 사용하렵니다.,4
<em>몇년째 사용중ㅡ<br</em>>등닦고 얼굴닦고<br>여드름 등드름 거의 없어짐ㅡ,5
배송도 빨랐구 개별 포장도 뽁뽁이로 각각 포장해서 보내주셨어요 <em>유통기한도 널널하니 편하게 쓰기 좋네요</em> 써보고 재구매해야겠어요,5
빠른배송 대용량의상품 감사합니다,4
<em>사은품까지주셔서</em>감사합니다,5
<em>정말 촉촉하고 향도 좋고 </em>팍팍쓰기좋아요!<br>피부가 예민한편은 아니라 잘 맞네요,5
재구매한 재품이에요<br><em>용량이 많아</em> 화장솜에 흠뻑?셔서 <br>쓰는데 촉촉하고 좋아요,4
아들이 외부에서 미스트로 사용하려고 대용량을 찾는다고해서 구매했어요.,4
괜찮아용! 배송도빠르고요!내용물도알차내요ㅡ처음에쓸때는 따끔햇는데ㅡ뭐든지바꿀때저는그렇더라구요ㅡ지금은향긋한쑥향이싱그럽고ㅡ많이많이써도양이ㅡ많아아끼지않아도좋더라고요!피부트러블도없고요!저한텐괜찮은것같아용!,5
이 인이 <em>가격착하구 증말 좋아요</em>. 늘 쟁여놓고 사용하는 토너입니다,5
짐승용량..ㅋ <em>향도 좋고 </em>재구매하고 싶은데 다 쓰려면 몇달 걸릴듯,5
<em>저렴한 가격에 잘 구매했네요</em><br>닦아내는 용도로 잘 쓰고 있습니다~,5
그냥 얼굴 닦아내는 용으로 막 쓰기 좋습니다<br>보습력은 글쎄요~~,3
친언니가 사용해서 써보고 구매했어요. <em>향도좋고</em>. 촉촉하고 흡수력도 좋아서  재구매할꺼예요,5
잘받았어요~대용량이고 순해요!<br>두번째구매입니다~마니파세요,4
사용전이지만 상품평도 좋고 <em>가격도 착해서 </em>구매<br>배송빨라요,4
품질이 최상은 아닐 듯 하지만..<br><em>짐승용량에 향도 좋네요</em>~^^,4
대용량에  1+1 이라 좋고 <em>시원한 느낌과 향도 맘에 드네요</em>,5
싸고 <em>양도 많고 맘껏쓸수 있어서 </em>좋아요. 재구매 했어요,3
이것저것 다 냄새가 은은하게 좋고 <em>수분감도 조아요</em>,5
쑥이라서 쑥쑥 마음껏 쓸수있게<em>가성비가 좋네요</em>~~~,5
정말 대~용량이네요 스킨을 많이 사용해서 좋아요,4
대용량이라 구입했어요 <br>세안후 바로 바르려고요^^,4
시원하고 양많고 <em>아주만족해요</em>.<br>향도 은은한 추천.,4
<em>향도 좋고 </em>흡수력도 좋아요~~~<em>가성비 최고입니다</em>.,5
<em>사용하기 좋아요</em>~~좋아요~~,5
여름이라가볍게바르려고산는데<em>실수한거같네요</em>,3
사실 사용전입니다 좋겠죠~한달후 남겨볼게요~,5
<em>저렴하고 좋아요</em>.  재구매해서 선물해야겠어요,5
부담스러운 항이 아니네요 잘 사용하겠습니다,5
벌써 몇번째 쓰고있어요<br><em>양이 많아</em><br>많이씁니다,4
좋아서 다시 재구매 한겁니다~~<br><em>잘쓸께요</em>^.~,5
<em>용량두 좋구 다 맘에 들어요</em><br>널어서 사용중,5
<em>아직 사용전이나 용량만큼은 대박이네요</em>,4
<em>가격도 저렴하고 </em>피부에도 좋은거같아요,5
<em>가성비 끝판왕</em>~~!!!<br>지인이 부탁해서 사드렸는데 닥토로 쓰기에도 걍 쓰기에도 <em>이정도면 완전 만족하신다고</em>..<br><em>향도 맘에들고 </em>온가족 팍팍 <em>쓰기에 이만한게 없는것같다고 </em>담에도 또 부탁하신다네요..ㅋ,5
처음 써봤는데 <em>양도 많고 아주 좋답니다</em>,5
냄새가 강하긴 <em>하나 쓰임에는 좋습니다</em>,4
<em>양 많아서 좋으네요</em> 부담없이 팍팍써요,4
빠른 배송과 좋은 상품 잘 받았습니다,5
<em>저렴한가격</em>으로 부담없이 사용합니다,4
좀 더 촉촉했으면 좋겠어요. <em>양과 가격은 좋은것 같아요</em>. 어른들보다는 어린 친구들에게 맞을것 같아요,3
대용량 좋습니다. 행사때 잘 구매했네요. 피부 열이 좀 많아서 저한테는 딱 좋네요.,5
<em>쑥향도좋고 </em><em>착한가격대 1+1 넘좋아요</em>,5
<em>저렴한 가격에 좋은제품</em> 감사해요~^^,5
저렴한 대용량이라 한참 쓰겠어요,4
<em>양이많아 여름에 잘 사용하겠어</em>요,4
<em>무엇보다 대용량이라 너무 좋아요</em>,4
아직안썻는데<br>배송은 빠릅니다~~!!,5
잘쓰고있습니다.  <em>향도 괜찮고요</em>,4
<em>양이많아서팍팍써도될것같네요</em>,5
바르는<em>순간 촉촉함이 느껴져요</em>,4
<em>토너 양 많고</em> <em>향도 괜찮습니다</em>,3
배송~금방오네요 아직 미사용,4
닦아내는 토너용으로 좋아요,5
대용량이라 막 쓰기 좋아요.,5
清爽，感覺好保濕，超抵用,5
뚜껑부분 하나가 깨졌어요,3
<em>잘쓸게요</em> 괜찮게 쓸만해요,5
항사쓰는거라 좋아요 <em>강추</em>,5
저렴하고 배송도 빨라요.,5
살짝 미끌거림이 있네요,4
좋아요 굿~<br>늘 자주 애용~,4
<em>양도 넉넉하고 </em>쓸만해요,5
품평이 좋아..구입해요~,5
<em>향이 아주 좋아요 정말</em>,5
유통기한 엄청 기네요,5
아직 사용전 입니다ㅋ,4
사용하기에 좋습니다,3
"우선 용량이 대박,,,,",3
일단 잘받앗습니다,3
좋아요 <em>용량도 굿</em>,5
좋은 제품이에요,5
아주좋아요~~~^^,5
오래오래 써서 좋아요..,3
최고입니다,5
좋아서 다시 재구매했어요 <em>가격대비 좋아요</em>~ <em>각질관리도 되고~ 쑥이라 더 좋은것 같아요</em>~,4
아뇨  남에게 주려면 <em>내가 만족한 좋은</em>걸 줘야지 좋은줄 모르겠음,3
<em>괜찬아요</em>,5
<em>쵝오</em>,5
배송 빠르네요<em>사은품도 감사합니다</em>,5
좋아요 감사합니다 <em>만족합니다</em>,5
<em>용량이 진짜 크네요</em>! 배송 빠르게 잘 도착했습니다. 점성이 강하진 않은데 그렇다고 물 토너는 아니에요. 촉촉한 것 같아요!,5
쑥향이 시원해 좋아용~~<br><em>가성비 용량도 많고 좋아요</em>..,5
"연령대 :  피부타입(건성,지성,복합성):   제품사용횟수 또는 기간 :   제조일자 :  그 외 도움이 될 만한 사용후기 : 더 써봐야 알것같지만 <em>입구용기가 좀 불편하고</em> <em>가성비 좋고요</em> 어차피 스킨은 클렌징 마지막 단계라 대용량으로 화장솜에 뭍혀 닦아내기 좋아요 옥션 안드로이드 앱으로 작성",5
<em>가격대비 많이 좋아요</em> <em>향도 좋아요</em>,5
<em>트러블이 있는 피부에 아주 좋아요</em>. 마스크로 인해 <em>피부에 트러블이 많이 생기는데 요즘 같은 날에 안성맞춤입니다</em>.,5
닦토로 쓰려고요.<br><em>가격착하고</em>~ 넉넉하고~ ^^,4
<em>세안후 가볍게 닦아내는 용도로 사용하기 괜찮아요</em>.  가족 공용으로 쓰기 괜찮아요.,5
상품받고    바로사용해보았어요.  촉촉하구  <em>느낌좋네요</em>.  <em>양이 엄청많아  스프레이통에 넣어  수시로    뿌려야겠어요</em>.  써비스앰풀 감사합니다 상품평보고    구매합니다~^^,4
<em>좋은상품 저렴한가격 빠른배송 감사합니다</em>,5
"아직 써보지 않아서 상품평을 쓰기엔 망설여 지지만 <em>일단 향은 좋아요</em>,<em>가격도 좋구요</em>~~^^",4
배송빠르고 <em>짐승용량 거기에 원플원까지 너모 감솨해요2통 다 비우고 또 주문한거라요</em>,5
가성비 좋은 토너에요.쑥향도 과하지 않을 정도. 저는 쑥향 싫어하지 않아요. <em>양이 많아서 부담없이화장솜에 듬뿍묻혀 깨끗하게 닦아요</em>.<em>흡수력은 괜찮은것 같아요</em>.,4
<em>처음에 쓸때 냄새가 좀 독한거 같은데<br>쓰다보면 괜찮아요</em>.<br><em>트러블없이 쓰고 </em>있어요,4
잘 받았습니다. 배송 빠르네요.,5
<em>우선가성비최고구요</em>.은은한쑥향이좋아요.<br>바르고나면촉촉히스며들어요.굿~~,5
생각보다 엄청 큰통이네요~향이 강한데 <em>호브들이라서 바르면 괜찮네요</em>~촉촉한게 <em>만족스럽습니다</em>~추천~,5
<em>가격이 좀 싸다는 생각에 구입햇는데</em><br>알르레기인 제 피부에도 딱  맞아요,5
조아용 처음 듣는 브랜드지만 배송도 빠르고 대용량 500ml에 1+1에 클렌징폼까지.. 딜이 너무 좋네요ㅎㅎㅎㅎ 사용 전이지만 항상 토너를 많이 써서 주문했어요 향은 진짜 제품명대로 쑥 향이 나요!! 막 쓰지도 않고 그냥 얼굴에 바르면 피부가 반드시 좋아질것 같은 향이 나요!! 향에 민감하시거나 거부감 드시는 분들도 쑥차 마시는 기분으로 가볍게 쓰시기 괜찮을것같아요! 다 쓰게되면 재구매 할께요ㅎ 좋은 구성 많이 많이 해주세요!,4
원프러스원이라별로<em>기대안했느대사용감좋아요</em>.산뜻하구촉촉해요,4
딸이 이제품만 사용중입니다  다 떨어져가서 바로 주문했어요,5
향은 강하지만 촉촉하고 대용량이라<br><em>막 사용하기 좋아요</em>.,4
밤에 세안후 넉넉히 쓸 스킨으로 구매아직 사용전이네요,5
크린징오일만드는데<br>사용합니다<br>사이지크고<br><em>내용물  만족</em>,5
순하고 진정효과가 있어서 항상 구매하는 제품입니다,5
쑥향은 거의 없고  피부가 조금 당기는 느낌이 있어요,3
배송도 빠루구요 <em>향도좋구요</em> <em>가격도넘착해서좋아요</em> 촉촉흡수도 잘되네요~<em>잘쓸게요</em>~,5
피지와 노폐물이 제거되네요.<br>피부가 <em>산뜻해</em>졌어요.,3
편하게 많이 발라도 부담없이 쓸 수 있어 좋아요.,4
와우 양 진짜 마나요 ~~~~ <br>온몸에 발라도 되것어여,5
용량이 장난아니네요 가격대비 막써도 좋겟어요,5
"연령대 :  40중반 피부타입(건성,지성,복합성):   복합성 제품사용횟수 또는 기간 :   첫구매 제조일자 :  최신 그 외 도움이 될 만한 사용후기 :오늘부터쓸꺼예요...제품용량<em>만족하고요</em>..<em>향알러지가있는데 </em>..쑥향이니까괜찮겠죠...가벼운것치고는촉촉한것같애요...<em>잘쓸께요</em>옥션 안드로이드 앱으로 작성",5
<em>가격대비너무조아요</em>  지인들에게  추척해줘요,5
<em>넉넉히쓰기넘좋아요</em><br>촉촉합니다 자극이없어요,4
<em>큰용량에 원플원이라 팍팍쓸수 있어 좋네요</em>.,4
대용량이고 제피부에 맞아서 재주문했어요,5
<em>가성비도  좋고</em>  생각보다  괴안은것같아요,4
<em>일단 향이 너무 좋구요</em>~ <em>흡수력 좋습니다</em>..,5
스킨을 부담없이 넉넉히 사용하려고 구입,4
<em>쑥 향이 진한데 </em>시원한 느낌이라 좋아요,4
빠른배송 감사해요.아직 사용전이에요,5
재구매합니다<br>대용량에 막 쓰기 좋아요,3
피부에 잘 맞으면  계속 구매하려구요~,5
재구매합니다ㆍ<em>용량도  많고  좋네요</em>,5
쑥향을워낙조아해서처음구입해봅니다써보니쑥향이은은하니좋네요,4
<em>가성비 최고네요</em>~~<br>만족합<em>니다~~ㅎㅎ</em>,5
자주 쓰는 제품^^ <em>가성비 좋아요</em>~~~~,5
재 구매 했음 가장 맞는것  같아요,5
아직사용전 이지만 좋을것 같아요,5
세안하고 솜으로 발리주면 조와요,5
싸고좋아요 통이 좀 크네유 ㅎㅎ,5
<em>대용량으로 저렴히사서 좋아요</em>~,5
<em>양이 많아서 친구하나 주었어요</em>,3
재구매입니다..잘쓰고 있어요..,5
<em>가격대비좋아</em>아요잘쓸껭?ㄷㅇ,4
닦토용은 대용량이 맘편해요.,5
<em>가격대비 너무 잘쓰고 </em>있어요,5
"<em>향은 좋은데</em>, 크게 특징은 ?음",3
좋아보이네요 <em>좋은거 같아요</em>,4
제품잘받았어요.감사합니다.,5
여름에 쓰기 적당한 듯 해요,5
근데 아직은 잘모르겠어요,4
<em>용량이커서</em> 막쓰기좋아요,4
<em>대용량좋아오 쓰기편해요</em>,5
이거 토너로 쓰기 참 좋음,5
촉촉하고. <em>너무좋네요</em>~~^^,5
좋았으면ㅈ·ㄷㅎ겠는디,3
써봤는데 <em>향이 좋아요</em>,3
<em>잘쓸께요</em> <em>만족합니다</em>,5
머쓰던거라 좋아요막쓰기좋아요,5
좋아요 넉넉합니다,5
<em>대용량   넘좋아요</em><br>시원하게 스킨팩하기도 딱이네요<br>촉촉하게 잘스며드네요<br>굿~~~^^,5
로션만 많이 남아서 구매했는데<br><em>듬뿍듬뿍 발라도 양은 많네요</em>.,4
많다,4
<em>용량은 많아서 좋아요</em> 다만 <em>향은 좀 제 취향은 아니고 </em>좀 강하네요,4
잘쓰고있어요~~<em>양이 굿입니당</em> <em>양이많아서 오래쓰겠네요</em>,4
봄철 얼굴 각질 정리하며 닦아내는 <em>토너로 사용하기 좋아요</em> 용량도 대용량이고 각질 피지 정리도 잘되구요~ 중간에 다른 토너 사용하다 다시 이 토너로 돌아왔내요 ^^ <br>이제 게속 쭈욱 사용하려구요,5
<em>착한가격으로 잘삿어요</em> <em>정말 좋아요</em> <em>강추강추 합니다</em> 많이많이 파세요,5
It’s big and cheap. I will use to see,5
딸들과 함께 사용. <br>닥토용으로 구매해요. <br>수년째 로즈워터(아모****)만 쓰다가 <br><em>가격이 좋아</em> 구매해봤어요. <br><em>나쁘지 않네요</em>. <br>쑥을 좋아하는데<br>그리 좋은 향이라는 느낌은 없어요. <br>강하진 않아요.,5
복합성 피부인 <em>고2  딸 쓰라고  사줬더니 향이 넘 좋다네요</em>.<br>용량도 넉넉. <em>가격좋고 넘 만족하는 제품입니다</em>,5
<em>향이 진하지 않고</em> 닦아내기용으로는 가성비 최고.스프레이 용기에 담아 미스트로 사용해도 좋을듯...,4
잘 써볼껭팍팍써볼려고 큰거 삿으요,5
挺好用的，我很喜欢啦啦啦,4
<em>적극추천 합니다</em> 배송이 빠릅니다,5
<em>가성비 굿</em>~~~<br>요즘 마스크때문에 얼굴이 좀 붉어지고 <br>그랬는데 진정효과 있는듯요~,5
<em>너무 좋아요</em>.. 상자를 연 순간 무게감과 용량에 놀랬네요..이 가격에 대용량 토너 1+1에  사은품으로 주신 폼클렌징ㅡ그것도 정품ㅡ까지 ....<em>이 가격에 이정도로 받아도 되나 싶을정도네요</em>..토너는 물같은 제형으로 7 스킨하기에 좋고 무엇보다 <em>향이 너무나 좋아요</em>..아로마향으로 기분까<em>지 좋아지네요..</em>,5
좋아요<br>배송도빠르네요,5
매번 쓰다 다른 제품으로 갈아탔다 다시 돌아왔어요! <em>토너로 가성비 갑</em>!,5
이벤트하고 구매평도 좋아서 샀는데 <em>향도 좋고 </em>흡수도 빠르고 좋네요.,5
배송도 좋고<em>  아이들이 꾸준하게 사용하는 제품입니다</em>순하고 좋아요,5
아직 써보지 못해서 무엇이라고 말할수는 없지만<br><em>가격은 만족합니다</em>,4
"대용량이라 팍팍 써도 줄어들질 않네요 약간 미끄덩한 느낌이 있긴 한데 aha bha제품은 처음이라 원래 그런가하고 쓰고 있어요. 확실히 각질은 덜 생기는거 같아요. 이거쓰고 나서요.  연령대 :  피부타입(건성,지성,복합성):   제품사용횟수 또는 기간 :   제조일자 :  그 외 도움이 될 만한 사용후기 :옥션 안드로이드 앱으로 작성",5
아직 사용하진 않았지만 상품평이 좋아서 구매합니다~ <em>가격이 저렴해서 </em>한동안 잘 사용 할 것 같아요^^,5
<em>용량도 넉넉하고</em> <em>진정 효과도 있어서 닦토나 스킨팩으로 강추</em>!!,5
향이넘강하네요.저처럼<em>냄새에민감하신분은비추입니다</em>.ㅡ,1
대용량을 <em>저렴하게 구매해서 좋아요</em>.<br><em>쑥향도 은은하네요</em>~,5
대용량이라서 사용하기 아주 좋구요<br><em>쑥항이 정말 좋아요</em>.,4
상품명을 보고서 좋다고 해서 주문했고 오늘 <em>도착해서 사용해보니 좋은걸요</em> 같습니다 많이 파세요 감사합니다,4
ㄱㄴㄷㄹㅇㅂㅅㅇㅈㅊㅋㅍㅎ,5
<em>만족만족 잘쓰겠습니다</em>,5
스킨을많이 쓰는편인데 <em>가격보다 양이많아좋아요</em>,5
아직써보지는 않았지만 <em>조으라라 믿고 잘 쓸께요</em>,5
<em>용량도 크고</em> <em>냉장고에 넣고 편하게 쓰기 좋네요</em>~,5
저렴해서 구입했는데 <em>알콜냄새가 심하게 나네요</em>,1
<em>양많고 저렴해서</em> 화장솜에 듬뿍 묻혀서 쓰네요,5
<em>상큼한 향이 너무 좋아요</em><br>가격대비 만족입니다,5
몇 번째 주문인지 모르겠어요. 너무 좋아요.,5
흡수력ㆍ<em>보습력  없음</em><br>걍 쓰고있응<br>모르겠다,3
대용량이라 오래사용하겠네요 <em>향도좋아요</em>,4
딸아이랑 같이쓸려고 구매했어요<br>좋아요~,5
<em>엄마가 좋아해서 안떨어지게 주문합니다</em>,5
<em>용량크고좋아요</em> <em>세일가저렴하게 잘구매</em>,5
자연 약쑥 진정토너라 대체로 <em>만족해요</em>.,4
<em>가성비 매우좋아요</em> <em>통이 너무커요</em> ㅎㅎ,5
<em>넉넉한 용량으로 부담없이 쓰기 좋아요</em>,3
<em>울딸 대만족이라</em>.계속 사용하고 있어요,5
<em>가격  대비   괜찮아요</em>.<br><em>용량이  많네요</em>.,4
생각외로 촉촉하니 좋네요.<em>양도 많고</em>.,5
용량이 많아 <em>오래동안 잘 쓰겠습니다</em>.,4
<em>여드름있는아들이정말잘쓰고</em>있어요,4
<em>네 제품에만족해요</em><em>값도저렴하게구입해서</em>물건도좋고아무튼 고객으로써만족해요 더좋은물건생산하시길기원드리며,5
흡수도잘되고 가격대비 <em>만족합니다</em>,5
<em>용량도 크고</em> 오래 사용할것 같아요,4
아직 <em>사용 전인데 저렴하게 샀어요</em>,5
3번째 구매합니다.<em>가성비 갑이예요</em>,5
아직사용전이지만<em>~좋을거같아요</em>^^,5
두번째구매.대용량이라조으네요.,5
완전좋은데<br>문재는 잘세내요 ㅜㅜ,4
<em>향두 괜찬고</em>얼굴닦아내기좋네요,4
<em>사춘기 아들이 사용중 괜찮아요</em>,4
싸고 좋아요 몇통째쓰고있어요,5
"<em>양이 많고 기능도 좋고 </em>합니다,",5
<em>싸게 잘 구입해서 </em>좋습니다<br><em>잘 쓰겠습니다</em>,4
좋아요  ㅅ촉촉하니 좋네요~~~,5
트러블없이매끄럽게잘맞아요,3
<em>양이 푸짐해서  맘껏발라줘요</em>,5
<em>용량이 많아서 너무 좋아요</em>~~~,5
약산성 토너라서 바로 구입 약산성만 씁니다. 아직 산도 테스트 안 해봤지만 믿고 택배 받자마자 바로 사용했어요. 알카리 제품이라면 피부가 무겁고 산뜻한거 없었을텐데 약산성 맞나봐요. 지금은 마스크 시트에 토너 듬뿍 적셔서 팩 중입니다.,5
<em>너무 좋아요</em> <em>잘 쓸게요</em>ㅎㅎ,5
저는<em>만족해요</em><br>넉넉하게쓰고,4
3번째 재구매입니다. 짐승용량이라서 팍팍 사용하고 있어요. 미스트처럼 스킨패처럼도 사용하고 닥토로 피부정리 하는 데  젤 많이 사용해요. 휘뚜루마뚜루 잘 쓰고 있어요^^,5
<em>늘 사용하던 데품입니다</em>^^,5
<em>착한가격에만족하고</em>사용,5
<em>늘 사용하는 제품입니다</em>,4
그런대로 사용합니다..,3
계속 쓰던 제품이예요,5
<em>가격대비 괜찮습니다</em>.,5
<em>가성비 좋은듯해요</em>ㅎ,4
완죤 물 입니다 와우,1
<em>패키지가 예쁘네요</em>.,5
잘 쓰고 있어오~~~~,5
<em>너무 좋아요 </em>~~~~~~~,5
향이 제가 좋아하는 향이 아니라 <em>그게 좀 아쉬워요</em>. 제품은 좋아요~<em>용량도 커서</em> 한참 쓰겠네요.,4
쓰던제품인데 제일 저렴하게 판매해서 구매했어요 <em>대용량에 가격도 저렴하고 </em>촉촉해서 좋아요,5
<em>양이  많아서  듬뿍듬뿍  쓸수 있겠어요</em>  <em>향도  괜찮아요</em>,5
시카크림 수분만땅~자극적이지않음 냄새도자극적이지않음 거의 향은 없음,5
<em>괜찮어요</em> 순하고 좋은거 같어요 <em>용량도 많고 좋아요</em>,4
좋다 좋다 해서 써봐오 ㅎ,5
<em>저렴하게 구입했네요</em> 애들 닦토로 쓸거라 왕창써도 부담없어요 남녀공용가능하고 <em>향도 독하지 않고</em> 무난합니다~,5
배송 정말 빠르고 <em>용량도 많고 저렴해서 좋네요</em> 대신 쑥향같은 풀냄새가 많이 나요 강력 그럭저럭 즐길만합니다,4
<em>보습 효과가 아주 좋습니다</em> <em>적극추천합니다</em> 동시에  선물을 찾아서 깜짝 놀랐습니다,5
<em>가격대비 만족입니다</em><br><em>용량이 큽니다</em>,5
무난무난해요~ <em>가격은 저렴하네요</em>~,5
아직써보지는않았지만어차피매일쓰는거라<em>용량도많고가격도저렴하고</em>해서구매했습니다,4
"스킨팩하기도 좋고,  막쓰기 딱 좋은 가성비 좋은 제품. <br>두세트 사려고 했었는데 마침 행사도 해서 상품 잘 받았습니다.",5
아직 사용전인데 <em>양이 많아 막 쓰기 좋고 </em>가성비가 좋아요~배송도 <em>만족합니다</em>,4
대용량 에 만족하고 은은한 쑥 향이<br><em>정말좋아요</em><br>유통기한도 넉넉하니 좋구요,5
촉촉해서 좋네<em>요.</em><br><em>진정효과도 좋아요</em>.<br>닦토로 사용하려고 샀어요.<br>만족해요.,5
<em>향도 은은하고 </em>촉촉하고 좋아요,5
<em>딜로 저렴하게 구매했는데 </em><em>향도 좋고 </em><em>양이 많아서 닦토하기 딱 좋아요</em>~,5
조카 선물로 사줬는데 <em>좋아하네요</em>.<br>촉촉하고 산뜻하게 쓰고있다는...,5
배송도 빠르고 1 플1 이라 엄마랑 나눠 갖았어<em>요양도많고 좋습니다</em>,5
스킨을 많이 사용하시는 어머니께 구입해드렸는데 만족해 하세요,5
<em>향이  진하지않고  일단  양이  많아서  부담없이  잘쓰고  있네용</em>,5
쑥냄새없음..난쑥향이진한게좋은데..<em>보습은짱임돠</em>.미스트로사용,5
<em>정말좋아요</em> <em>완전 강추 대박 득템 가격도 너무 좋고</em>클렌징폼 그냥 조그마한건줄알았는데완전 150 미리 ㅋㅋ 게다가 1+1 ㅋㅋ주위사<em>람들한테 완전 사라고 적극 추천하고있어요</em> 근데 저는 다른 사람들보다 비싸게 주고 샀나봐요다들 1+1 에 9900 원에 사신듯 ㅠㅠ,5
겨울에 건조해서 얼굴이랑 바디 둘다 보습이 신경써여 샀는데 <em>촉촉하고 향도 은은해서 </em>좋아요.,5
좋아요좋아요 ㅎㅎㅎ,5
처음 사본 브랜드 딸아이와 나눠쓰는걸로...<br><em>잘쓸께요</em>,5
"여름에 냉장고에다 넣어두고,<br>막 쓸려고 주문 했어용~",5
<em>용량이 커서</em> 오래 쓰겠네요화장품 냉장고에 보관중~,5
<em>용량이 커서</em> 닥토로 사용하기에 부담없고 좋으네요,4
<em>저렴하게 잘 삿네</em>요배송도 예상 배송날보다 일찍왔어요,5
좋아요! <em>용량커서 더 좋아요</em>,5
아직사용전인데 <em>용량많고좋아요</em><br>향이쪼끔 찐한편,4
<em>항상 쓰던 상품 </em>인데 정말 가격 대비  짱 이네요,5
아직 써 보진 않았는데 잘 맞았으면 좋겠습니다,5
먼저 클렌징폼 선물 감사드립니다. 좋은 제품 저렴하게 판매해 주셔서 감사합니다.그런데 토너는 클렌징 폼 처럼 은박씰로 닫혀있지 않고 왜 오픈되어 있나요?새어오지 않은게 신기합니다만 토너도 그렇게 해 주신다면 참 좋을텐데요...,3
배송빠르고 <em>가성비 너무 좋네요</em>~~<em>만족합니다</em>,5
행사로 저렴하게 구입 올해 넉넉히 쓰겠어요,5
여름내내 사용하고 거의 1년치 이상 이네요,3
대용량  화장솜에  듬뿍  묻혀  사용합니다,4
<em>양도 많고 촉촉해서 </em>좋아요 ~~~<em>잘 쓸께요</em>,4
<em>용량이 커서</em> 잘 사용할듯 ?잘받았습니다,5
<em>양도 많고 향도 마음에 들고 </em>촉촉합니다,5
냄새는 별로인대  써<em>보니좋은거 같아요</em>,4
<em>용량이 어마어마하네요</em> <br>게다가 원뿔원이라 오래 사용하니 닥토로 써야겠어요,5
배송은 늦었지만 가격대비 <em>만족합니다</em>,4
스킨 사용시 아침저녁으로 5-6회를 바르는데 <em>저렴하게 마구 사용하기 좋습니다</em>,4
<em>생각했던것 보다 좋아요</em>..<em>용량도 크고</em>,5
<em>가격대비 용량도많고</em><br>촉촉하니 좋아요,3
<em>저렴하게 잘 구매했어요</em> <br>촉촉한 느낌,5
토너전 닦아내는용도로사용하려고함,5
촉촉하고 부드럽게 스며들고 좋네요.,5
<em>쑥향이 은은하게  촉촉하니 괜찮아요</em>,5
<em>흡수가 잘되고 향이 은은해서</em>좋아요,4
<em>양도넉넉하구좋은데</em>향은쫌별로네요,4
<em>늘 쓰는 제품 용량 넉넉하고 </em>순해요,5
가격대비 용량도 많고 <em>향도 좋네요</em>,4
<em>향도 좋고 </em>아주 순하고 부드러워요,5
<em>보습력좋아요</em> 근데 향은 저는별로,4
클렌징 단계에서 쓰는데 <em>괜찮아요</em>,4
<em>향도괜찮고</em> 끈적임없어서 좋아요,5
아직사용전이라 사용감은 모르겠어요<br><em>저렴하고 </em>요즘 쓰기 좋을것 같아요,4
잘사용할게요  <em>양많아서 좋아요</em>,4
<em>늘 쓰던거예요</em> <em>가성비 갑이네요</em>,5
아직 잘 모르겠지만 <em>잘 쓸게요</em>^^,4
<em>양도많고 싸서 </em>닦토하시면 추천,5
적당하게 부담없이 쓰기 좋네요,5
<em>가격도 저렴하고 </em>만족합니다~~~,4
배송빠르고 <em>착한가격 구입잘함</em>,5
<em>쑥향이 은은하니 너무 좋아요</em>~~,5
<em>딸이 늘 쓰던거라 구매했어</em>요.,5
<em>가성비 갑이다</em>. 제품도 좋은데,5
사용전이비다. 잘 받았습니다.,4
<em>쑥향 약간 나면서 양이 많네요</em>,4
재구매 해여<br>양도 많고 <em>조아용</em>,5
<em>가격대비 아직은 좋은듯해요</em>~,5
배송은 느렸지만 만족합니다,5
<em>너무 저렴하게 잘산것같아요</em>,5
<em>항상 잘쓰고</em>잇어요 좋아요~~,5
시원하면서 <em>향도 괜찮네요</em>~~,4
늘구매 하는 제품 쟁여두어야 <em>맘이 놓여 또 구매하네요</em>벌써 몇통째인지...,5
<em>대용량이라서 맘에 들어</em>요~,4
<em>향과 양이 넉넉해서 </em>좋아요,5
피부에 닿으면 좀따가워요,4
<em>딸래미가 항상 쓰던거예요</em>,5
<em>가격대비 좋은 상품입니다</em>,4
대용량이라 부담없이 써요,4
가격대비 <em>만족스럽습니다</em>.,4
<em>향이랑 수분감이좋아요</em>.^^,5
<em>수분감도 좋고순해요</em>~~~~~~,5
<em>늘 사용하던 제품이네요</em>.,4
<em>향도 좋고 </em>가성비 좋아요,3
<em>용량이 많아서 마음에듬</em>,4
가격이 좋아요<br><em>잘 쓸게요</em>,5
촉촉하고 향도 싼듯해요,5
아주좋은 생각이 듭니다,3
대용량이라 맘에들엇음,4
어제 부터 쓰고 있어요,4
<em>가격대비 완전 좋아요</em>,5
<em>향도좋고 </em>촉촉하네요.,5
잘 쓰고 있습니다아아,5
<em>싼가격에 만족합니다</em>,5
<em>흡수가잘되고좋아요</em>~,4
대용량이네요 좋아오,4
후기보고 구매햇어요,3
<em>양이 많아 좋으네요</em>.,4
빠른배송  받았어요,3
세안 후 화장솜에 묻혀 사용할때 피부결 정돈과  1차 수분 급 충전이 되어 촉촉하게 해주는 프레쥬 자연 쑥 진정토너~~ <br><em>구매 만족합니다</em>.,5
계속 사용하는 제픔이예요 세안후 시용하기 좋아요,5
<em>휘뚜루 마뚜루 쓰기좋는거 같아서 </em>구입했어요,4
향이 알콜향도진하지만 <em>허브향도진하네요</em><br>기존쓰던것보다는 촉촉함이 덜하긴하지만<br>저렴히잘샀어요,4
<em>저렴하게 각질관리까지되는제품 잘구매했습니다</em><br>토너를 엄청 많이쓰는데 잘구입했습니다,4
<em>늘 쓰는제품이라 믿고</em>삽니다~~~스킨에 오일을섞어 미스트를만들어 수시로뿌려요~~~<em>너무좋아요</em>~~~또살께요~~^^,5
대용량에 온몸에 바르고  좋네요<br>계절바뀌고 건조한 얼굴에 화장솜에 듬? 부어 팩용으로 사용합니다?,5
<em>용량좋구</em> <em>가격좋구</em> 오래 쓸것같아요~,4
<em>상품도 만족하고</em> 배송도 <em>만족합니다</em>,5
<em>싸게 잘샀어요</em> 듬뿍듬뿍 바를꺼에요,5
"믿고쓰는 에바스 화장품입니다ㅎ 지금까지 크림, 샴푸 등 많은 제품들을 써봤지만 모두 <em>만족스러워서 너무 좋았습니다</em>!",5
<em>만족합니다</em>!! 가격 용량 모두^^ <em>우선 가격이 너무 착해요</em>!! <em>용량최고</em>!!!! 사은품 폼클렌징도 감사합니다~~^^ <em>(용량 최고에요</em>!!) 오자마자 사용중인데 <em>용량이 크니까</em> 여유있구요~ 첨에 썼을때 쏴한 느낌이 있었는데 <em>괜찮은거같아요</em>!! <em>구매만족입니다</em>^^,4
<em>부담없이 사용하기 좋아요</em>.<br>용량이 많아서 <em>부담없이 사용하기 좋습니다</em>.,5
아직 안써봤어요.<br>배송이 빠르네요,3
두번째 구매. 세안하고 화장솜에 듬뿍 묻혀서 닦아주는데 피부가 더 매끈해진 느낌,5
"떨어질때마다 쟁여놓고 쓰는 아이템이에요~ <br>화장 지울때마다, 세안 후 사용하는데<br>자극도 없고 촉촉하니 좋아요!! <br><em>다 쓰면 또 구매할거에요</em>~ &gt;.&lt;",5
화장솜에 적셔 피부를 닦아내면 <em>쿨링감 있으면서 수분감 촉촉하고 </em><em>향도 좋습니다</em>,4
만족합니다. 감사합니다,5
<em>최애 토너예요</em> 늘 재구매하고 주변분들도 사용해보시고 다들 좋아하세요 최고,5
좋아요. <em>가격도 저렴하고 </em><em>품질도 좋아요</em>. <em>마음에 들어요</em>...,5
따로 각질제거 안해도됨 요즘 닦아쓰는 각질패드? 많이 나오던데 너무 비싸서 차라리 각질 제거 기능이 있는 토너를 삼 ㅡㅡ 진짜 필링젤 따로 안써도될만큼 피부가 매끈매끈함  좁쌀여듦처럼 올라오던것도 몇달동안 안없어지더니 이거쓰고 많이 가라앉음   다쓰면 또살거임,5
"괜잖아요.흡수도 좋고 <em>양도 많아요</em>,",4
<em>건성에 각질도 잘 생기는 타입이라 함 써보고 </em>맞으면 또 구매하렵니다^^,5
그냥 대용량으로 편하게 헤프게 써도 좋아서 구매했어요딱 가격만큼요,5
저렴하고 대용량이라서 보습도 괜찮은것같은데 배송이 오래걸리내요,3
잘받았습니다  ~ 추천합니다,4
새롭게 도전합니다피부에쏙 스미면 좋겠어요쑥쑥 이뻐져 볼까요,5
gooood,5
상품평이 좋아서 구입했어요. 아직 사용전인데 기대중입니다.,3
딸아이가  여를에쓰려고 미리쟁겨났는데 괜찮았음좋겠네요,3
<em>가격변동이 크네요</em>..ㅋ<em>향은 좀 인공적인데 괜찮은거같아요</em>.,4
<em>수분크림 써보고 좋아서</em> 토너도 사용해보려고 구매했어요,4
<em>촉촉하고 향도 좋아요</em>. 일단 <em>대용량이라 넉넉해서 좋음</em>.,4
<em>향도 은은하니 좋아요</em> <em>양도 많구요</em>  오래도록 쓰겠어요,5
<em>향도 좋고 </em><em>쑥향이 은은해요</em>.얼굴에도 산뜻한것 같아요,5
좀 따까워요 순하지는 않은거 같아요 민감성이라 제가,3
대용량토너증 가족다같이 사용하기 좋은토나깉아여~!,4
잘받았어요.향은 쑥향인줄 알았는데..조금 이상함!,4
"깔끙한 느낌  산뜻함 ,<em>청량함  피부가 엄청좋아함</em>",5
<em>쑥향기나고</em> 세정 토너로 사용하고 있어요<br>순해요,5
<em>무난히 괜찮네요</em>~<em>양 정말 많아서</em> 팍팍 쓰게되용,4
저렴하고 <em>용량이 넉넉해</em> 충분히 바를 수 있어요,4
<em>향도 괜찮고</em> 양도 엄청 나네요 잘쓰겠슴니다...,4
물같아요.몸에 바를려고 사서 그냥 <em>만족합니다</em>,2
<em>여드름 피부 딸아이와 같이 쓸려구 </em>구입했어요,5
<em>저렴하니 좋길바래 보아요</em><br>용량많이서 좋네요,5
입구가 조금 불편한거 말고는 잘 쓰고잇어여,4
클렌징하는 용도로 용량이 크니 막쓰면되요~,1
일전에 사용해<em>보고 좋아서</em> 재구매했습니다.,5
부드럽고 잘 스며드는 것 같네요. 좋습니다.,5
분무기에 넣어서 양껏 <br>온몸에 수분가득 ~~~,5
떨어지기 무섭게 재구매 하고 있습니다...,5
<em>착한 가격에 용량이 너무 커서 좋아요</em>~~^^*,5
<em>양도넉넉</em>.일단은  사용해보고.추천할께요,5
예민하고 약한 피부인데 <em>사용감이 좋네요</em>,4
<em>향도 좋고 </em>피부에 부담이 없어서 좋아요.,5
<em>양이 대박입니다</em>.닥토로 잘 쓰고 있어요.,5
<em>항상쓰는제품입니다</em><em>저렴하고향도좋아요</em>,5
기초 첫번째 단계용으로 막쓰고 있네요~~,3
행사중이라 저렴히 구매욧ㅎ 마니파셈ㅋ,5
<em>용량도 많고</em> <em>트러블이 많이 줄었어요</em>!!!,4
<em>진정에 넘조아요</em> 두번째 구매입니다^^,5
이가격에 두개라니 좋고 피부에도 굿,4
<em>저렴한 가격에 용량도 많아서 좋아요</em>,4
끈적해요. 상품평 좋아서 구매했는데,3
대용량이고 세안후 닦아내기 좋아요,5
<em>착한 가격에 용량이 커서 좋아요</em>~~^^*,5
닦토로 쓰려구 <em>양많아서</em> 주문했어요,4
재구매입니다 <em>저렴하고 </em><em>양이 많아요</em>,4
계속 쓰고 있는제품입니다 <em>잘쓸께요</em>,5
<em>용량이  넉넉하고</em> 쑥행이 많이나요,4
잘받았어요!<em>양도 많고 싸고 </em>좋네요,5
두번째 구매합니다.<em>가성비 좋아요</em>,5
<em>용량커서  좋아요</em><br>향도 <em>만족합니다</em>,5
좋아요 <em>만족입니다</em> 재구매의향100%,5
<em>저렴하게 잘 샀습니다</em>. <em>잘 쓸게요</em>~,4
그냥 산뜻하게 쓸만한거 같아요,5
전에 사용하던 토너보다 좋ㅇ요,4
<em>향도 좋고 </em>그냥 막쓰기 좋아요,4
세안후 얼굴 닦아내기 좋아요.,4
닦는 <em>용도로 사용하기 좋아요</em>.,5
저령한 가격에 구매해봅니다.,5
<em>만족합니다</em>~~~ <em>잘 쓸께요</em>~~~~^^,5
<em>양이 많아좋아요</em>.<em>향도좋네요</em>,4
양도 많고 <em>품질도 괜찮아요</em>.<br>쑥향이 참 좋아요.<br>그래서 지인 것도 더 구매 했어요.,5
잘받았습니다 잘받았습니다 잘받았습니다 잘받았습니다 잘받았습니다 잘받았습니다,4
듬뿍 바를 수 있어 좋습니다,5
좋은 상품 잘 받았습니다~ ^^,5
<em>괜춘합니다</em>.<br><em>향이 좋아요</em>.^.^,4
<em>용량많고</em> 스킨도 찐하네요,5
대용량에 촉촉하고 좋네요,5
완전큰대용량이라 좋아요,5
행사중이라 구매해봤어요,5
배송상품 모두<em>만족합니다</em>,5
<em>용량 크고</em> <em>가격 괜찮네요</em>,4
<em>양이 많아  좋은거같아요</em>,5
배송도빠르고 저렴해요,5
<em>가격대비양도많구</em>?아오,3
처음구매인데 <em>잘쓸께요</em>,5
쓸만해요 <em>가성비 갑 짱</em>,3
흠뻑 적셔쓰기 좋을듯,4
잘받구 잘쓰구있네요,5
싸고 좋은제품입니다,5
닥토로구매했어요...,5
화장품 완전 좋네요.,4
<em>피부가 좋아졌어요</em>,5
<em>가성비가좋아요</em>~~^^,5
좋은것 같애요...,4
<em>대용량 잘쓸께요</em>,4
<em>넉넉한 용량에 향도 좋아요</em>.<br><em>꾸준히 사용하면 피부에좋아지겠죠</em>~^^,5
<em>저렴했어 </em>구입,3
<em>가격대비 가성비 갑입니다</em>^^<br>궂이 비싼 가격의 제품  사용하지 않아도 될만큼 <em>만족합니다</em>,5
